Type,Date,Time,Input_data_size,Duration(s),Throughput(bytes/s),Throughput/node,spark.broadcast.blockSize,spark.default.parallelism,spark.driver.cores,spark.driver.memory,spark.executor.cores,spark.executor.instances,spark.executor.memory,spark.io.compression.codec,spark.io.compression.lz4.blockSize,spark.io.compression.snappy.blockSize,spark.kryoserializer.buffer,spark.kryoserializer.buffer.max,spark.memory.fraction,spark.memory.storageFraction,spark.reducer.maxSizeInFlight,spark.serializer,spark.shuffle.file.buffer,spark.shuffle.memoryFraction,spark.shuffle.sort.bypassMergeThreshold,spark.sql.shuffle.partitions,spark.storage.memoryFraction,spark.storage.memoryMapThreshold,spark.storage.unrollFraction
ScalaSparkNWeight,2023-04-16,17:21:16,236122227,133.376,1770350,885175,98m,10,1,13g,8,2,16g,snappy,6k,6k,82k,32m,0.9,0.6,110m,org.apache.spark.serializer.JavaSerializer,74k,0.2,50,8,0.4,364m,0.8
ScalaSparkNWeight,2023-04-16,17:36:16,236122227,183.689,1285445,642722,16m,16,5,5g,4,4,8g,snappy,32k,52k,92k,44m,0.4,0.9,56m,org.apache.spark.serializer.KryoSerializer,74k,0.3,450,8,0.5,302m,0.2
ScalaSparkNWeight,2023-04-16,17:50:41,236122227,137.485,1717439,858719,8m,16,7,10g,4,4,8g,lzf,14k,44k,66k,4m,0.8,0.2,124m,org.apache.spark.serializer.KryoSerializer,96k,0.6,550,8,0.8,254m,0.2
ScalaSparkNWeight,2023-04-16,18:04:56,236122227,130.809,1805091,902545,64m,14,8,15g,4,4,8g,lz4,100k,24k,14k,16m,0.6,0.9,126m,org.apache.spark.serializer.KryoSerializer,120k,0.5,500,8,0.6,478m,0.5
ScalaSparkNWeight,2023-04-16,18:18:35,236122227,133.971,1762487,881243,78m,14,4,4g,4,4,8g,lz4,46k,128k,72k,96m,0.9,0.1,70m,org.apache.spark.serializer.JavaSerializer,22k,0.3,600,8,0.2,24m,0.3
ScalaSparkNWeight,2023-04-16,18:32:31,236122227,134.517,1755333,877666,106m,10,6,7g,4,4,8g,lz4,10k,94k,24k,52m,0.7,0.2,58m,org.apache.spark.serializer.JavaSerializer,18k,0.5,800,8,0.6,314m,0.2
ScalaSparkNWeight,2023-04-16,18:47:47,236122227,228.122,1035069,517534,50m,12,6,13g,8,2,16g,lz4,126k,16k,122k,40m,0.4,0.6,72m,org.apache.spark.serializer.JavaSerializer,100k,0.1,650,8,0.1,102m,0.6
ScalaSparkNWeight,2023-04-16,19:02:36,236122227,171.564,1376292,688146,36m,8,3,5g,2,8,4g,lzf,122k,124k,4k,20m,0.5,0.3,46m,org.apache.spark.serializer.JavaSerializer,104k,0.2,350,8,0.1,108m,0.3
ScalaSparkNWeight,2023-04-16,19:16:42,236122227,149.653,1577798,788899,70m,16,5,11g,8,2,16g,snappy,40k,68k,44k,56m,0.9,0.6,94m,org.apache.spark.serializer.JavaSerializer,26k,0.5,450,8,0.7,298m,0.6
ScalaSparkNWeight,2023-04-16,19:30:39,236122227,141.576,1667812,833906,66m,10,8,10g,4,4,8g,lzf,14k,92k,104k,16m,0.9,0.5,40m,org.apache.spark.serializer.KryoSerializer,66k,0.4,700,8,0.7,164m,0.3
ScalaSparkNWeight,2023-04-16,19:45:32,236122227,170.171,1387558,693779,64m,14,4,4g,2,8,4g,snappy,60k,20k,102k,20m,0.5,0.8,128m,org.apache.spark.serializer.JavaSerializer,36k,0.5,400,8,0.3,54m,0.2
ScalaSparkNWeight,2023-04-16,19:59:54,236122227,141.143,1672929,836464,30m,12,7,13g,4,4,8g,snappy,96k,10k,52k,104m,0.5,0.8,114m,org.apache.spark.serializer.KryoSerializer,78k,0.2,500,8,0.6,448m,0.5
ScalaSparkNWeight,2023-04-16,20:14:23,236122227,135.276,1745484,872742,82m,12,3,8g,2,8,4g,lz4,78k,100k,118k,116m,0.9,0.7,60m,org.apache.spark.serializer.KryoSerializer,124k,0.5,800,8,0.6,164m,0.4
ScalaSparkNWeight,2023-04-16,20:29:10,236122227,182.332,1295012,647506,82m,10,6,14g,2,8,4g,snappy,94k,128k,126k,128m,0.6,0.8,42m,org.apache.spark.serializer.JavaSerializer,108k,0.9,350,8,0.5,44m,0.3
ScalaSparkNWeight,2023-04-16,20:44:08,236122227,213.598,1105451,552725,108m,4,7,11g,8,2,16g,lz4,90k,84k,20k,108m,0.4,0.7,26m,org.apache.spark.serializer.KryoSerializer,14k,0.4,200,8,0.3,40m,0.4
ScalaSparkNWeight,2023-04-16,20:58:49,236122227,137.645,1715443,857721,106m,16,1,13g,2,8,4g,snappy,14k,110k,118k,60m,0.9,0.7,12m,org.apache.spark.serializer.KryoSerializer,60k,0.9,300,8,0.5,230m,0.1
ScalaSparkNWeight,2023-04-16,22:10:57,236122227,237.052,996077,498038,86m,6,8,13g,4,4,8g,lzf,6k,124k,70k,36m,0.2,0.1,80m,org.apache.spark.serializer.KryoSerializer,2k,0.5,200,8,0.3,438m,0.6
ScalaSparkNWeight,2023-04-16,22:26:35,236122227,159.377,1481532,740766,78m,6,8,15g,8,2,16g,lzf,4k,98k,8k,36m,0.8,0.8,122m,org.apache.spark.serializer.KryoSerializer,2k,0.5,100,8,0.4,98m,0.2
ScalaSparkNWeight,2023-04-16,22:41:24,236122227,149.206,1582525,791262,112m,10,2,10g,8,2,16g,lzf,90k,76k,86k,24m,0.8,0.3,2m,org.apache.spark.serializer.KryoSerializer,72k,0.2,800,8,0.7,226m,0.3
ScalaSparkNWeight,2023-04-16,22:56:12,236122227,137.661,1715244,857622,58m,16,4,15g,4,4,8g,snappy,46k,86k,8k,100m,0.9,0.1,76m,org.apache.spark.serializer.KryoSerializer,116k,0.1,800,8,0.2,498m,0.9
ScalaSparkNWeight,2023-04-16,23:10:56,236122227,156.124,1512401,756200,84m,8,1,8g,2,8,4g,lzf,128k,68k,48k,64m,0.6,0.3,78m,org.apache.spark.serializer.JavaSerializer,64k,0.1,50,8,0.9,48m,0.1
ScalaSparkNWeight,2023-04-16,23:24:45,236122227,140.514,1680417,840208,48m,16,7,8g,4,4,8g,lzf,10k,98k,8k,12m,0.9,0.5,84m,org.apache.spark.serializer.KryoSerializer,20k,0.2,300,8,0.8,392m,0.5
ScalaSparkNWeight,2023-04-16,23:39:10,236122227,140.731,1677826,838913,120m,10,5,6g,2,8,4g,lz4,52k,28k,84k,120m,0.8,0.6,72m,org.apache.spark.serializer.JavaSerializer,102k,0.5,50,8,0.2,42m,0.3
ScalaSparkNWeight,2023-04-16,23:56:09,236122227,229.794,1027538,513769,72m,4,7,12g,4,4,8g,snappy,20k,14k,94k,16m,0.3,0.1,108m,org.apache.spark.serializer.JavaSerializer,116k,0.9,150,8,0.7,36m,0.5
ScalaSparkNWeight,2023-04-17,00:10:19,236122227,159.983,1475920,737960,74m,6,1,13g,4,4,8g,lzf,126k,122k,76k,52m,0.5,0.1,128m,org.apache.spark.serializer.KryoSerializer,36k,0.8,300,8,0.4,112m,0.3
ScalaSparkNWeight,2023-04-17,00:24:56,236122227,151.734,1556158,778079,22m,16,8,15g,4,4,8g,lz4,64k,106k,74k,128m,0.5,0.9,44m,org.apache.spark.serializer.JavaSerializer,82k,0.5,650,8,0.9,488m,0.8
ScalaSparkNWeight,2023-04-17,00:38:50,236122227,143.231,1648541,824270,40m,14,6,6g,2,8,4g,lz4,14k,94k,126k,88m,0.8,0.4,94m,org.apache.spark.serializer.KryoSerializer,4k,0.8,400,8,0.2,62m,0.6
ScalaSparkNWeight,2023-04-17,00:52:22,236122227,138.986,1698892,849446,14m,16,6,8g,4,4,8g,lzf,124k,2k,54k,72m,0.8,0.6,74m,org.apache.spark.serializer.JavaSerializer,114k,0.6,250,8,0.4,188m,0.2
ScalaSparkNWeight,2023-04-17,01:33:55,236122227,138.858,1700458,850229,90m,14,8,6g,2,8,4g,snappy,110k,62k,54k,24m,0.7,0.6,36m,org.apache.spark.serializer.JavaSerializer,96k,0.4,600,8,0.6,80m,0.7
ScalaSparkNWeight,2023-04-17,02:24:20,236122227,224.578,1051404,525702,54m,14,6,7g,4,4,8g,lz4,94k,16k,16k,52m,0.3,0.6,118m,org.apache.spark.serializer.JavaSerializer,44k,0.2,150,8,0.1,76m,0.9
ScalaSparkNWeight,2023-04-17,02:38:50,236122227,220.489,1070902,535451,72m,10,6,9g,8,2,16g,snappy,46k,22k,22k,72m,0.4,0.3,42m,org.apache.spark.serializer.KryoSerializer,108k,0.3,500,8,0.9,284m,0.8
ScalaSparkNWeight,2023-04-17,02:54:12,236122227,148.419,1590916,795458,82m,12,4,10g,8,2,16g,lzf,118k,108k,28k,48m,0.8,0.5,54m,org.apache.spark.serializer.KryoSerializer,122k,0.1,250,8,0.8,220m,0.5
ScalaSparkNWeight,2023-04-17,03:11:49,236122227,267.215,883641,441820,50m,8,6,15g,8,2,16g,lzf,92k,118k,78k,8m,0.3,0.1,92m,org.apache.spark.serializer.JavaSerializer,18k,0.2,550,8,0.5,54m,0.8
ScalaSparkNWeight,2023-04-17,03:35:33,236122227,479.114,492830,246415,68m,10,4,6g,8,2,16g,lzf,100k,38k,48k,64m,0.1,0.4,10m,org.apache.spark.serializer.KryoSerializer,82k,0.5,150,8,0.4,194m,0.6
ScalaSparkNWeight,2023-04-17,03:51:43,236122227,143.347,1647207,823603,16m,14,3,6g,2,8,4g,lzf,126k,88k,84k,36m,0.7,0.4,90m,org.apache.spark.serializer.KryoSerializer,12k,0.1,100,8,0.3,442m,0.8
ScalaSparkNWeight,2023-04-17,04:06:09,236122227,137.359,1719015,859507,66m,12,6,10g,2,8,4g,snappy,44k,70k,74k,96m,0.6,0.5,40m,org.apache.spark.serializer.KryoSerializer,26k,0.4,550,8,0.3,94m,0.6
ScalaSparkNWeight,2023-04-17,04:20:45,236122227,140.999,1674637,837318,26m,12,4,16g,2,8,4g,snappy,42k,32k,34k,36m,0.9,0.5,126m,org.apache.spark.serializer.JavaSerializer,98k,0.9,300,8,0.1,226m,0.3
ScalaSparkNWeight,2023-04-17,04:34:25,236122227,139.288,1695208,847604,18m,16,8,9g,4,4,8g,lz4,94k,38k,42k,80m,0.6,0.7,20m,org.apache.spark.serializer.JavaSerializer,68k,0.3,50,8,0.1,148m,0.3
ScalaSparkNWeight,2023-04-17,04:52:48,236122227,232.269,1016589,508294,10m,14,8,13g,4,4,8g,lz4,28k,8k,112k,68m,0.2,0.5,44m,org.apache.spark.serializer.JavaSerializer,106k,0.4,250,8,0.2,328m,0.1
ScalaSparkNWeight,2023-04-17,05:17:59,236122227,545.447,432896,216448,30m,12,5,4g,8,2,16g,snappy,24k,44k,2k,28m,0.1,0.5,76m,org.apache.spark.serializer.JavaSerializer,2k,0.8,750,8,0.5,292m,0.6
ScalaSparkNWeight,2023-04-17,05:37:09,236122227,244.656,965119,482559,104m,14,8,5g,4,4,8g,lz4,26k,32k,6k,24m,0.2,0.1,110m,org.apache.spark.serializer.KryoSerializer,86k,0.3,150,8,0.1,232m,0.1
ScalaSparkNWeight,2023-04-17,05:55:43,236122227,242.798,972504,486252,50m,12,8,12g,4,4,8g,snappy,6k,24k,52k,28m,0.2,0.3,84m,org.apache.spark.serializer.KryoSerializer,2k,0.9,50,8,0.5,426m,0.9
ScalaSparkNWeight,2023-04-17,06:13:38,236122227,182.245,1295630,647815,34m,4,1,6g,2,8,4g,lz4,40k,40k,18k,56m,0.3,0.9,26m,org.apache.spark.serializer.KryoSerializer,68k,0.8,400,8,0.1,308m,0.6
ScalaSparkNWeight,2023-04-17,06:33:49,236122227,242.92,972016,486008,66m,4,5,5g,4,4,8g,snappy,18k,46k,112k,64m,0.2,0.1,102m,org.apache.spark.serializer.KryoSerializer,80k,0.6,550,8,0.7,364m,0.9
ScalaSparkNWeight,2023-04-17,06:50:49,236122227,152.584,1547490,773745,108m,14,2,15g,8,2,16g,lzf,8k,24k,16k,112m,0.6,0.1,54m,org.apache.spark.serializer.JavaSerializer,58k,0.2,100,8,0.6,240m,0.5
ScalaSparkNWeight,2023-04-17,07:06:26,236122227,191.121,1235459,617729,20m,8,3,16g,2,8,4g,snappy,90k,86k,56k,124m,0.4,0.9,78m,org.apache.spark.serializer.KryoSerializer,60k,0.5,300,8,0.4,440m,0.7
ScalaSparkNWeight,2023-04-17,07:21:04,236122227,143.109,1649946,824973,58m,8,1,10g,8,2,16g,lz4,58k,88k,102k,36m,0.6,0.1,88m,org.apache.spark.serializer.JavaSerializer,96k,0.9,700,8,0.1,72m,0.4
ScalaSparkNWeight,2023-04-17,07:35:07,236122227,137.851,1712880,856440,88m,8,7,9g,8,2,16g,snappy,12k,32k,102k,76m,0.7,0.6,102m,org.apache.spark.serializer.JavaSerializer,40k,0.8,750,8,0.2,292m,0.4
ScalaSparkNWeight,2023-04-17,07:50:00,236122227,193.485,1220364,610182,126m,2,5,13g,4,4,8g,snappy,12k,98k,54k,120m,0.4,0.7,30m,org.apache.spark.serializer.JavaSerializer,96k,0.4,150,8,0.7,108m,0.8
ScalaSparkNWeight,2023-04-17,08:07:16,236122227,152.197,1551424,775712,52m,10,3,11g,2,8,4g,lzf,118k,126k,102k,124m,0.6,0.7,52m,org.apache.spark.serializer.KryoSerializer,102k,0.7,50,8,0.1,320m,0.5
ScalaSparkNWeight,2023-04-17,08:22:03,236122227,147.018,1606076,803038,70m,14,8,11g,4,4,8g,snappy,96k,104k,4k,72m,0.5,0.4,116m,org.apache.spark.serializer.JavaSerializer,28k,0.4,450,8,0.8,24m,0.2
ScalaSparkNWeight,2023-04-17,08:35:46,236122227,140.2,1684181,842090,118m,16,6,7g,4,4,8g,snappy,52k,34k,100k,8m,0.7,0.2,26m,org.apache.spark.serializer.KryoSerializer,92k,0.6,550,8,0.4,362m,0.5
ScalaSparkNWeight,2023-04-17,08:50:20,236122227,149.487,1579550,789775,36m,8,7,4g,8,2,16g,lz4,120k,26k,58k,24m,0.6,0.4,108m,org.apache.spark.serializer.JavaSerializer,86k,0.1,750,8,0.4,154m,0.1
ScalaSparkNWeight,2023-04-17,09:15:18,236122227,508.92,463967,231983,120m,10,3,8g,8,2,16g,snappy,40k,90k,122k,100m,0.1,0.6,8m,org.apache.spark.serializer.JavaSerializer,62k,0.7,100,8,0.1,378m,0.3
ScalaSparkNWeight,2023-04-17,09:29:59,236122227,143.475,1645737,822868,54m,4,6,16g,8,2,16g,snappy,50k,92k,124k,72m,0.7,0.3,124m,org.apache.spark.serializer.KryoSerializer,22k,0.5,600,8,0.3,104m,0.4
ScalaSparkNWeight,2023-04-17,09:48:03,236122227,232.648,1014933,507466,108m,4,5,9g,4,4,8g,lz4,8k,110k,112k,4m,0.3,0.4,112m,org.apache.spark.serializer.KryoSerializer,26k,0.5,100,8,0.2,320m,0.6
ScalaSparkNWeight,2023-04-17,10:08:17,236122227,308.846,764530,382265,120m,14,2,8g,8,2,16g,lz4,58k,82k,12k,72m,0.2,0.8,40m,org.apache.spark.serializer.JavaSerializer,72k,0.5,450,8,0.3,434m,0.3
ScalaSparkNWeight,2023-04-17,10:23:59,236122227,245.468,961926,480963,106m,16,1,12g,8,2,16g,lzf,32k,38k,112k,32m,0.4,0.2,52m,org.apache.spark.serializer.JavaSerializer,82k,0.9,100,8,0.4,458m,0.2
ScalaSparkNWeight,2023-04-17,10:39:25,236122227,212.539,1110959,555479,2m,10,8,9g,8,2,16g,lz4,12k,120k,90k,48m,0.4,0.3,126m,org.apache.spark.serializer.JavaSerializer,4k,0.5,800,8,0.2,102m,0.1
ScalaSparkNWeight,2023-04-17,10:56:55,236122227,283.484,832929,416464,2m,4,1,16g,8,2,16g,lzf,72k,62k,22k,68m,0.3,0.7,98m,org.apache.spark.serializer.KryoSerializer,44k,0.9,500,8,0.2,308m,0.9
ScalaSparkNWeight,2023-04-17,11:12:00,236122227,136.227,1733299,866649,94m,6,5,7g,4,4,8g,lz4,32k,98k,94k,100m,0.9,0.9,94m,org.apache.spark.serializer.JavaSerializer,98k,0.1,300,8,0.5,414m,0.5
ScalaSparkNWeight,2023-04-17,11:26:05,236122227,163.765,1441835,720917,10m,12,8,15g,8,2,16g,lzf,114k,62k,102k,116m,0.7,0.7,68m,org.apache.spark.serializer.KryoSerializer,78k,0.2,150,8,0.2,16m,0.2
ScalaSparkNWeight,2023-04-17,11:43:41,236122227,242.412,974053,487026,74m,6,1,12g,4,4,8g,lzf,90k,98k,90k,8m,0.3,0.2,56m,org.apache.spark.serializer.KryoSerializer,48k,0.8,150,8,0.7,444m,0.1
ScalaSparkNWeight,2023-04-17,12:01:46,236122227,291.818,809142,404571,32m,2,5,11g,8,2,16g,lzf,50k,108k,86k,84m,0.3,0.7,44m,org.apache.spark.serializer.JavaSerializer,14k,0.5,450,8,0.7,28m,0.6
ScalaSparkNWeight,2023-04-17,12:18:33,236122227,215.744,1094455,547227,100m,8,6,8g,8,2,16g,lzf,112k,78k,78k,64m,0.4,0.9,84m,org.apache.spark.serializer.KryoSerializer,56k,0.4,700,8,0.1,296m,0.7
ScalaSparkNWeight,2023-04-17,14:07:35,236122227,2551.982,92525,46262,48m,10,8,5g,8,2,16g,lzf,2k,106k,10k,92m,0.1,0.4,90m,org.apache.spark.serializer.KryoSerializer,26k,0.7,150,8,0.2,216m,0.9
ScalaSparkNWeight,2023-04-17,14:23:33,236122227,142.626,1655534,827767,124m,2,5,10g,4,4,8g,lzf,56k,76k,14k,12m,0.8,0.8,96m,org.apache.spark.serializer.KryoSerializer,58k,0.1,500,8,0.4,308m,0.4
ScalaSparkNWeight,2023-04-17,14:40:21,236122227,203.322,1161321,580660,110m,6,4,15g,2,8,4g,lzf,94k,96k,92k,32m,0.4,0.2,2m,org.apache.spark.serializer.KryoSerializer,74k,0.4,500,8,0.9,10m,0.8
ScalaSparkNWeight,2023-04-17,14:55:38,236122227,142.848,1652961,826480,8m,6,2,15g,4,4,8g,snappy,68k,102k,26k,128m,0.8,0.8,64m,org.apache.spark.serializer.JavaSerializer,104k,0.1,200,8,0.8,294m,0.7
ScalaSparkNWeight,2023-04-17,15:09:30,236122227,139.502,1692608,846304,34m,14,2,8g,8,2,16g,lz4,36k,98k,50k,88m,0.6,0.7,54m,org.apache.spark.serializer.JavaSerializer,56k,0.6,650,8,0.5,146m,0.7
ScalaSparkNWeight,2023-04-17,15:23:46,236122227,139.543,1692110,846055,104m,14,5,8g,4,4,8g,snappy,76k,110k,46k,72m,0.6,0.9,92m,org.apache.spark.serializer.JavaSerializer,86k,0.9,50,8,0.5,330m,0.7
ScalaSparkNWeight,2023-04-17,15:38:56,236122227,223.702,1055521,527760,32m,14,3,16g,8,2,16g,snappy,14k,16k,52k,124m,0.4,0.2,82m,org.apache.spark.serializer.KryoSerializer,36k,0.8,200,8,0.5,458m,0.7
ScalaSparkNWeight,2023-04-17,15:54:34,236122227,151.332,1560292,780146,20m,10,4,14g,2,8,4g,snappy,18k,60k,104k,108m,0.6,0.7,6m,org.apache.spark.serializer.JavaSerializer,58k,0.9,300,8,0.5,352m,0.7
ScalaSparkNWeight,2023-04-17,16:12:24,236122227,294.305,802304,401152,62m,8,6,15g,8,2,16g,lzf,68k,70k,10k,28m,0.3,0.6,42m,org.apache.spark.serializer.JavaSerializer,116k,0.6,200,8,0.7,154m,0.6
ScalaSparkNWeight,2023-04-17,16:29:14,236122227,265.298,890026,445013,10m,2,7,13g,8,2,16g,lz4,128k,24k,96k,8m,0.3,0.3,108m,org.apache.spark.serializer.KryoSerializer,82k,0.4,450,8,0.2,174m,0.7
ScalaSparkNWeight,2023-04-17,16:43:59,236122227,142.092,1661755,830877,62m,10,7,9g,8,2,16g,lzf,78k,40k,98k,80m,0.7,0.5,120m,org.apache.spark.serializer.KryoSerializer,2k,0.4,450,8,0.7,332m,0.5
ScalaSparkNWeight,2023-04-17,16:58:25,236122227,130.048,1815654,907827,48m,2,6,9g,4,4,8g,snappy,46k,8k,34k,24m,0.6,0.5,70m,org.apache.spark.serializer.KryoSerializer,44k,0.5,650,8,0.4,150m,0.4
ScalaSparkNWeight,2023-04-17,17:13:24,236122227,131.391,1797095,898547,8m,8,2,13g,4,4,8g,lz4,12k,74k,114k,72m,0.7,0.8,96m,org.apache.spark.serializer.JavaSerializer,16k,0.7,800,8,0.1,78m,0.1
ScalaSparkNWeight,2023-04-17,17:29:45,236122227,224.054,1053863,526931,32m,16,4,8g,4,4,8g,lzf,128k,84k,48k,4m,0.3,0.8,128m,org.apache.spark.serializer.JavaSerializer,8k,0.5,100,8,0.9,188m,0.3
ScalaSparkNWeight,2023-04-17,17:43:33,236122227,154.224,1531034,765517,4m,8,8,5g,2,8,4g,snappy,78k,96k,52k,88m,0.8,0.9,122m,org.apache.spark.serializer.KryoSerializer,36k,0.8,450,8,0.8,476m,0.6
ScalaSparkNWeight,2023-04-17,17:58:08,236122227,144.808,1630588,815294,34m,2,4,13g,2,8,4g,lzf,102k,94k,68k,124m,0.7,0.4,102m,org.apache.spark.serializer.KryoSerializer,102k,0.4,750,8,0.5,292m,0.4
ScalaSparkNWeight,2023-04-17,18:15:29,236122227,136.025,1735873,867936,4m,10,4,11g,8,2,16g,lz4,126k,118k,98k,76m,0.9,0.3,116m,org.apache.spark.serializer.KryoSerializer,100k,0.1,800,8,0.5,398m,0.9
ScalaSparkNWeight,2023-04-17,18:31:45,236122227,176.861,1335072,667536,28m,10,2,13g,2,8,4g,lz4,104k,66k,54k,12m,0.3,0.5,114m,org.apache.spark.serializer.JavaSerializer,2k,0.2,150,8,0.4,34m,0.1
ScalaSparkNWeight,2023-04-17,18:49:08,236122227,261.618,902545,451272,10m,6,2,13g,8,2,16g,lz4,116k,126k,108k,32m,0.3,0.9,108m,org.apache.spark.serializer.JavaSerializer,22k,0.1,150,8,0.9,18m,0.5
ScalaSparkNWeight,2023-04-17,19:02:48,236122227,137.073,1722602,861301,122m,10,5,11g,8,2,16g,lz4,114k,98k,38k,56m,0.8,0.1,110m,org.apache.spark.serializer.KryoSerializer,110k,0.1,500,8,0.6,294m,0.3
ScalaSparkNWeight,2023-04-17,19:16:13,236122227,137.96,1711526,855763,48m,4,3,15g,8,2,16g,lzf,46k,10k,28k,32m,0.8,0.8,104m,org.apache.spark.serializer.KryoSerializer,30k,0.2,50,8,0.2,168m,0.5
ScalaSparkNWeight,2023-04-17,19:31:30,236122227,143.382,1646805,823402,98m,8,2,7g,8,2,16g,lz4,100k,58k,16k,4m,0.5,0.4,110m,org.apache.spark.serializer.JavaSerializer,68k,0.8,400,8,0.3,20m,0.6
ScalaSparkNWeight,2023-04-17,19:45:18,236122227,142.447,1657614,828807,120m,2,1,12g,8,2,16g,lzf,20k,82k,92k,16m,0.8,0.3,74m,org.apache.spark.serializer.JavaSerializer,88k,0.6,750,8,0.1,100m,0.8
ScalaSparkNWeight,2023-04-17,20:01:01,236122227,178.438,1323273,661636,60m,4,4,9g,4,4,8g,lz4,46k,108k,62k,60m,0.4,0.9,56m,org.apache.spark.serializer.KryoSerializer,26k,0.4,200,8,0.7,126m,0.7
ScalaSparkNWeight,2023-04-17,21:05:02,236122227,134.97,1749442,874721,98m,12,3,7g,8,2,16g,lz4,32k,8k,50k,36m,0.8,0.9,64m,org.apache.spark.serializer.KryoSerializer,14k,0.3,400,8,0.2,342m,0.7
ScalaSparkNWeight,2023-04-17,21:18:52,236122227,140.835,1676587,838293,70m,12,4,14g,2,8,4g,lzf,72k,36k,98k,36m,0.7,0.8,30m,org.apache.spark.serializer.KryoSerializer,10k,0.3,450,8,0.6,316m,0.5
ScalaSparkNWeight,2023-04-17,21:33:56,236122227,181.023,1304376,652188,72m,16,6,11g,4,4,8g,lzf,56k,58k,4k,96m,0.4,0.6,32m,org.apache.spark.serializer.KryoSerializer,82k,0.8,600,8,0.5,78m,0.7
ScalaSparkNWeight,2023-04-17,21:48:28,236122227,152.048,1552945,776472,8m,12,4,12g,8,2,16g,lz4,80k,46k,74k,16m,0.9,0.3,66m,org.apache.spark.serializer.KryoSerializer,128k,0.6,350,8,0.3,492m,0.3
ScalaSparkNWeight,2023-04-17,22:03:22,236122227,221.132,1067788,533894,2m,10,8,5g,8,2,16g,snappy,50k,36k,82k,32m,0.4,0.3,44m,org.apache.spark.serializer.JavaSerializer,124k,0.3,150,8,0.7,316m,0.4
ScalaSparkNWeight,2023-04-17,22:17:29,236122227,137.149,1721647,860823,110m,14,2,7g,4,4,8g,lzf,110k,20k,84k,96m,0.7,0.5,82m,org.apache.spark.serializer.KryoSerializer,60k,0.2,650,8,0.5,62m,0.7
ScalaSparkNWeight,2023-04-17,23:09:00,236122227,136.442,1730568,865284,46m,2,4,7g,8,2,16g,lz4,6k,2k,64k,56m,0.8,0.7,18m,org.apache.spark.serializer.KryoSerializer,34k,0.4,200,8,0.5,418m,0.9
ScalaSparkNWeight,2023-04-17,23:25:08,236122227,220.329,1071680,535840,72m,10,8,8g,8,2,16g,lzf,116k,2k,112k,112m,0.4,0.5,32m,org.apache.spark.serializer.KryoSerializer,22k,0.6,800,8,0.4,296m,0.6
ScalaSparkNWeight,2023-04-17,23:43:09,236122227,270.776,872020,436010,66m,16,3,7g,8,2,16g,lz4,92k,102k,58k,16m,0.3,0.2,62m,org.apache.spark.serializer.JavaSerializer,116k,0.7,250,8,0.9,126m,0.8
ScalaSparkNWeight,2023-04-17,23:56:54,236122227,145.594,1621785,810892,20m,14,6,16g,4,4,8g,lzf,76k,88k,56k,108m,0.5,0.6,56m,org.apache.spark.serializer.JavaSerializer,28k,0.8,700,8,0.5,496m,0.5
ScalaSparkNWeight,2023-04-18,00:10:50,236122227,163.05,1448158,724079,102m,12,6,12g,2,8,4g,lz4,60k,78k,106k,104m,0.5,0.4,78m,org.apache.spark.serializer.JavaSerializer,94k,0.8,450,8,0.4,362m,0.6
ScalaSparkNWeight,2023-04-18,00:25:00,236122227,144.473,1634369,817184,96m,6,8,13g,2,8,4g,lzf,70k,34k,56k,28m,0.7,0.2,28m,org.apache.spark.serializer.KryoSerializer,10k,0.6,150,8,0.1,328m,0.5
ScalaSparkNWeight,2023-04-18,00:39:49,236122227,145.877,1618639,809319,30m,2,7,15g,8,2,16g,lzf,60k,112k,122k,32m,0.6,0.7,2m,org.apache.spark.serializer.KryoSerializer,58k,0.7,500,8,0.8,158m,0.3
ScalaSparkNWeight,2023-04-18,00:56:23,236122227,182.126,1296477,648238,30m,8,3,5g,2,8,4g,lzf,80k,106k,122k,8m,0.4,0.7,84m,org.apache.spark.serializer.KryoSerializer,24k,0.4,350,8,0.3,182m,0.8
ScalaSparkNWeight,2023-04-18,01:11:07,236122227,140.37,1682141,841070,82m,14,1,13g,2,8,4g,snappy,98k,86k,4k,44m,0.9,0.8,86m,org.apache.spark.serializer.JavaSerializer,126k,0.6,500,8,0.9,384m,0.6
ScalaSparkNWeight,2023-04-18,01:24:41,236122227,130.833,1804760,902380,42m,2,8,12g,4,4,8g,snappy,24k,90k,92k,128m,0.6,0.7,110m,org.apache.spark.serializer.JavaSerializer,122k,0.9,450,8,0.6,174m,0.4
ScalaSparkNWeight,2023-04-18,01:39:41,236122227,144.935,1629159,814579,120m,14,4,8g,2,8,4g,lzf,26k,40k,80k,128m,0.8,0.8,120m,org.apache.spark.serializer.JavaSerializer,122k,0.9,550,8,0.6,366m,0.1
ScalaSparkNWeight,2023-04-18,02:52:10,236122227,231.082,1021811,510905,96m,4,1,6g,4,4,8g,lzf,22k,36k,70k,16m,0.3,0.3,110m,org.apache.spark.serializer.JavaSerializer,60k,0.3,600,8,0.9,20m,0.6
ScalaSparkNWeight,2023-04-18,03:06:53,236122227,171.161,1379532,689766,90m,4,5,8g,2,8,4g,snappy,74k,82k,10k,104m,0.5,0.5,18m,org.apache.spark.serializer.KryoSerializer,70k,0.6,100,8,0.1,98m,0.4
ScalaSparkNWeight,2023-04-18,03:21:53,236122227,139.596,1691468,845734,128m,8,8,4g,4,4,8g,snappy,86k,68k,66k,128m,0.8,0.4,34m,org.apache.spark.serializer.JavaSerializer,46k,0.3,50,8,0.6,318m,0.5
ScalaSparkNWeight,2023-04-18,03:35:49,236122227,140.244,1683652,841826,24m,16,7,16g,2,8,4g,snappy,112k,78k,122k,44m,0.7,0.9,112m,org.apache.spark.serializer.JavaSerializer,70k,0.3,100,8,0.9,492m,0.4
ScalaSparkNWeight,2023-04-18,03:49:37,236122227,138.823,1700886,850443,52m,6,4,13g,8,2,16g,lz4,12k,60k,42k,40m,0.6,0.8,12m,org.apache.spark.serializer.JavaSerializer,108k,0.1,400,8,0.3,34m,0.8
ScalaSparkNWeight,2023-04-18,04:03:55,236122227,136.831,1725648,862824,86m,8,6,8g,8,2,16g,snappy,6k,58k,90k,116m,0.5,0.4,68m,org.apache.spark.serializer.KryoSerializer,108k,0.3,600,8,0.6,48m,0.2
ScalaSparkNWeight,2023-04-18,04:18:54,236122227,143.817,1641824,820912,10m,14,4,7g,2,8,4g,lz4,90k,76k,50k,72m,0.7,0.1,18m,org.apache.spark.serializer.JavaSerializer,24k,0.3,200,8,0.1,212m,0.6
ScalaSparkNWeight,2023-04-18,04:33:29,236122227,167.927,1406100,703050,72m,14,3,6g,2,8,4g,lzf,66k,24k,114k,16m,0.5,0.2,102m,org.apache.spark.serializer.KryoSerializer,28k,0.5,300,8,0.7,400m,0.4
ScalaSparkNWeight,2023-04-18,05:12:16,236122227,1301.091,181480,90740,118m,6,7,10g,8,2,16g,snappy,34k,96k,64k,28m,0.1,0.7,14m,org.apache.spark.serializer.KryoSerializer,54k,0.2,800,8,0.6,168m,0.1
ScalaSparkNWeight,2023-04-18,05:32:04,236122227,281.54,838680,419340,28m,10,4,8g,8,2,16g,lzf,48k,110k,70k,24m,0.3,0.5,18m,org.apache.spark.serializer.KryoSerializer,90k,0.7,600,8,0.9,120m,0.6
ScalaSparkNWeight,2023-04-18,05:51:32,236122227,244.252,966715,483357,24m,6,1,16g,4,4,8g,lz4,34k,4k,100k,80m,0.2,0.7,10m,org.apache.spark.serializer.KryoSerializer,116k,0.7,250,8,0.8,444m,0.6
ScalaSparkNWeight,2023-04-18,06:07:32,236122227,236.084,1000161,500080,118m,8,3,5g,8,2,16g,snappy,10k,120k,108k,88m,0.4,0.3,96m,org.apache.spark.serializer.JavaSerializer,34k,0.1,600,8,0.4,344m,0.7
ScalaSparkNWeight,2023-04-18,06:53:16,236122227,241.447,977946,488973,46m,10,3,13g,4,4,8g,lzf,56k,2k,104k,88m,0.2,0.6,116m,org.apache.spark.serializer.JavaSerializer,14k,0.5,250,8,0.9,30m,0.7
ScalaSparkNWeight,2023-04-18,07:08:14,236122227,150.749,1566326,783163,82m,6,6,10g,2,8,4g,lzf,66k,94k,118k,100m,0.8,0.7,6m,org.apache.spark.serializer.KryoSerializer,64k,0.8,400,8,0.5,124m,0.6
ScalaSparkNWeight,2023-04-18,07:24:02,236122227,187.991,1256029,628014,76m,4,7,10g,2,8,4g,snappy,76k,72k,100k,52m,0.4,0.7,106m,org.apache.spark.serializer.KryoSerializer,114k,0.1,200,8,0.5,56m,0.7
ScalaSparkNWeight,2023-04-18,07:39:51,236122227,145.097,1627340,813670,36m,12,6,7g,8,2,16g,snappy,48k,6k,46k,88m,0.5,0.4,4m,org.apache.spark.serializer.JavaSerializer,2k,0.6,550,8,0.7,326m,0.5
ScalaSparkNWeight,2023-04-18,07:57:40,236122227,293.106,805586,402793,2m,16,4,4g,8,2,16g,snappy,20k,42k,108k,92m,0.3,0.4,62m,org.apache.spark.serializer.KryoSerializer,100k,0.2,100,8,0.6,10m,0.2
ScalaSparkNWeight,2023-04-18,08:12:34,236122227,138.822,1700899,850449,98m,16,3,7g,2,8,4g,lz4,68k,26k,58k,104m,0.9,0.5,62m,org.apache.spark.serializer.KryoSerializer,28k,0.2,800,8,0.4,332m,0.9
ScalaSparkNWeight,2023-04-18,08:26:39,236122227,149.425,1580205,790102,88m,12,1,6g,2,8,4g,lz4,28k,126k,14k,56m,0.6,0.5,56m,org.apache.spark.serializer.KryoSerializer,26k,0.1,350,8,0.3,80m,0.1
ScalaSparkNWeight,2023-04-18,08:44:28,236122227,309.26,763507,381753,20m,16,5,11g,8,2,16g,lzf,86k,64k,32k,104m,0.3,0.8,20m,org.apache.spark.serializer.JavaSerializer,26k,0.4,100,8,0.2,370m,0.5
ScalaSparkNWeight,2023-04-18,09:34:06,236122227,148.259,1592633,796316,46m,6,3,15g,8,2,16g,lzf,40k,80k,86k,112m,0.6,0.8,114m,org.apache.spark.serializer.JavaSerializer,40k,0.6,800,8,0.9,118m,0.7
ScalaSparkNWeight,2023-04-18,09:48:42,236122227,179.749,1313621,656810,122m,8,8,16g,4,4,8g,snappy,36k,116k,48k,20m,0.4,0.1,96m,org.apache.spark.serializer.JavaSerializer,88k,0.5,650,8,0.1,392m,0.1
ScalaSparkNWeight,2023-04-18,10:04:29,236122227,179.875,1312701,656350,108m,12,1,15g,2,8,4g,snappy,118k,34k,124k,4m,0.3,0.1,56m,org.apache.spark.serializer.KryoSerializer,116k,0.7,800,8,0.5,426m,0.9
ScalaSparkNWeight,2023-04-18,10:20:09,236122227,146.398,1612878,806439,16m,4,8,11g,2,8,4g,lzf,128k,102k,64k,60m,0.9,0.3,92m,org.apache.spark.serializer.KryoSerializer,114k,0.2,500,8,0.7,450m,0.5
ScalaSparkNWeight,2023-04-18,10:35:09,236122227,143.575,1644591,822295,14m,6,1,7g,2,8,4g,snappy,98k,82k,56k,32m,0.7,0.3,104m,org.apache.spark.serializer.JavaSerializer,88k,0.4,200,8,0.3,404m,0.8
ScalaSparkNWeight,2023-04-18,10:51:27,236122227,177.242,1332202,666101,26m,2,6,13g,2,8,4g,lz4,82k,104k,88k,88m,0.3,0.7,120m,org.apache.spark.serializer.KryoSerializer,116k,0.4,700,8,0.8,468m,0.9
ScalaSparkNWeight,2023-04-18,11:09:12,236122227,146.932,1607017,803508,22m,6,8,12g,2,8,4g,snappy,48k,74k,120k,20m,0.6,0.3,60m,org.apache.spark.serializer.JavaSerializer,72k,0.8,100,8,0.8,252m,0.7
ScalaSparkNWeight,2023-04-18,11:23:54,236122227,182.439,1294253,647126,88m,10,4,7g,4,4,8g,snappy,56k,42k,2k,8m,0.4,0.4,100m,org.apache.spark.serializer.KryoSerializer,56k,0.5,50,8,0.3,288m,0.6
ScalaSparkNWeight,2023-04-18,11:43:52,236122227,307.166,768712,384356,58m,6,4,8g,8,2,16g,lz4,116k,120k,128k,8m,0.2,0.9,74m,org.apache.spark.serializer.KryoSerializer,110k,0.6,100,8,0.7,66m,0.1
ScalaSparkNWeight,2023-04-18,11:58:10,236122227,143.68,1643389,821694,46m,2,3,10g,2,8,4g,lzf,62k,108k,8k,120m,0.9,0.6,112m,org.apache.spark.serializer.JavaSerializer,116k,0.6,650,8,0.5,124m,0.6
ScalaSparkNWeight,2023-04-18,12:15:44,236122227,181.371,1301874,650937,114m,8,5,8g,4,4,8g,lz4,124k,32k,70k,28m,0.4,0.8,58m,org.apache.spark.serializer.JavaSerializer,2k,0.8,750,8,0.4,6m,0.8
ScalaSparkNWeight,2023-04-18,12:29:22,236122227,131.87,1790568,895284,116m,8,1,6g,4,4,8g,lz4,74k,54k,8k,16m,0.8,0.6,90m,org.apache.spark.serializer.KryoSerializer,94k,0.8,600,8,0.2,94m,0.8
ScalaSparkNWeight,2023-04-18,13:37:19,236122227,274.248,860980,430490,72m,14,6,7g,8,2,16g,snappy,100k,48k,50k,68m,0.3,0.5,40m,org.apache.spark.serializer.KryoSerializer,20k,0.4,650,8,0.4,252m,0.5
ScalaSparkNWeight,2023-04-18,13:53:00,236122227,194.678,1212886,606443,58m,8,6,15g,4,4,8g,lzf,24k,16k,116k,112m,0.4,0.8,10m,org.apache.spark.serializer.KryoSerializer,32k,0.9,350,8,0.6,54m,0.3
ScalaSparkNWeight,2023-04-18,14:07:28,236122227,131.908,1790052,895026,120m,8,6,7g,4,4,8g,lz4,26k,2k,78k,100m,0.7,0.5,90m,org.apache.spark.serializer.JavaSerializer,100k,0.2,400,8,0.8,264m,0.2
ScalaSparkNWeight,2023-04-18,14:26:45,236122227,307.855,766991,383495,66m,16,3,9g,8,2,16g,snappy,82k,84k,18k,20m,0.2,0.3,12m,org.apache.spark.serializer.KryoSerializer,80k,0.5,350,8,0.4,168m,0.6
ScalaSparkNWeight,2023-04-18,14:48:33,236122227,307.821,767076,383538,92m,10,7,7g,8,2,16g,snappy,20k,38k,72k,36m,0.2,0.3,70m,org.apache.spark.serializer.JavaSerializer,82k,0.5,250,8,0.9,162m,0.5
ScalaSparkNWeight,2023-04-18,15:05:57,236122227,274.187,861172,430586,118m,16,8,12g,8,2,16g,lz4,14k,120k,126k,16m,0.3,0.3,44m,org.apache.spark.serializer.KryoSerializer,120k,0.4,550,8,0.8,116m,0.8
ScalaSparkNWeight,2023-04-18,15:20:51,236122227,197.314,1196682,598341,128m,16,2,15g,4,4,8g,snappy,86k,48k,78k,96m,0.4,0.3,4m,org.apache.spark.serializer.JavaSerializer,64k,0.1,650,8,0.7,416m,0.3
ScalaSparkNWeight,2023-04-18,15:34:44,236122227,144.559,1633396,816698,122m,4,8,8g,4,4,8g,snappy,116k,68k,108k,20m,0.5,0.7,68m,org.apache.spark.serializer.JavaSerializer,22k,0.3,300,8,0.7,498m,0.2
ScalaSparkNWeight,2023-04-18,15:49:40,236122227,194.239,1215627,607813,34m,2,7,7g,2,8,4g,snappy,102k,92k,34k,112m,0.4,0.5,112m,org.apache.spark.serializer.JavaSerializer,102k,0.5,800,8,0.7,112m,0.4
ScalaSparkNWeight,2023-04-18,16:12:42,236122227,242.954,971880,485940,56m,14,4,9g,4,4,8g,lz4,82k,124k,82k,100m,0.2,0.4,10m,org.apache.spark.serializer.KryoSerializer,72k,0.7,300,8,0.8,382m,0.4
ScalaSparkNWeight,2023-04-18,16:26:54,236122227,135.425,1743564,871782,20m,10,2,11g,2,8,4g,lz4,54k,68k,2k,128m,0.8,0.5,2m,org.apache.spark.serializer.JavaSerializer,58k,0.2,50,8,0.8,404m,0.2
ScalaSparkNWeight,2023-04-18,16:40:55,236122227,134.933,1749922,874961,60m,10,5,9g,2,8,4g,lz4,22k,12k,116k,96m,0.8,0.3,102m,org.apache.spark.serializer.JavaSerializer,126k,0.7,150,8,0.6,374m,0.7
ScalaSparkNWeight,2023-04-18,16:55:37,236122227,191.534,1232795,616397,66m,8,6,4g,2,8,4g,lzf,100k,94k,70k,72m,0.4,0.4,64m,org.apache.spark.serializer.KryoSerializer,24k,0.2,50,8,0.7,224m,0.1
ScalaSparkNWeight,2023-04-18,17:10:34,236122227,167.093,1413118,706559,30m,14,5,5g,2,8,4g,snappy,92k,46k,28k,72m,0.5,0.7,6m,org.apache.spark.serializer.KryoSerializer,108k,0.1,300,8,0.1,420m,0.2
ScalaSparkNWeight,2023-04-18,17:25:17,236122227,133.606,1767302,883651,128m,12,4,16g,2,8,4g,lz4,108k,80k,70k,4m,0.8,0.4,68m,org.apache.spark.serializer.KryoSerializer,40k,0.2,500,8,0.2,392m,0.7
ScalaSparkNWeight,2023-04-18,17:38:55,236122227,137.506,1717177,858588,14m,16,2,14g,4,4,8g,snappy,74k,72k,68k,124m,0.9,0.3,110m,org.apache.spark.serializer.JavaSerializer,74k,0.4,50,8,0.5,470m,0.4
ScalaSparkNWeight,2023-04-18,17:52:12,236122227,143.209,1648794,824397,96m,2,4,7g,4,4,8g,lzf,104k,24k,10k,96m,0.9,0.1,72m,org.apache.spark.serializer.JavaSerializer,40k,0.3,750,8,0.7,440m,0.5
ScalaSparkNWeight,2023-04-18,18:06:22,236122227,132.087,1787626,893813,82m,6,4,8g,4,4,8g,snappy,110k,6k,126k,40m,0.6,0.8,34m,org.apache.spark.serializer.KryoSerializer,24k,0.7,150,8,0.2,144m,0.8
ScalaSparkNWeight,2023-04-18,18:32:46,236122227,582.432,405407,202703,82m,10,4,5g,8,2,16g,lz4,12k,88k,62k,60m,0.1,0.5,72m,org.apache.spark.serializer.KryoSerializer,2k,0.8,100,8,0.1,30m,0.1
ScalaSparkNWeight,2023-04-18,18:58:26,236122227,589.767,400365,200182,22m,6,6,10g,8,2,16g,snappy,76k,36k,34k,16m,0.1,0.8,28m,org.apache.spark.serializer.JavaSerializer,58k,0.3,750,8,0.6,354m,0.1
ScalaSparkNWeight,2023-04-18,19:24:24,236122227,562.798,419550,209775,58m,14,2,5g,8,2,16g,lzf,98k,76k,96k,56m,0.1,0.9,48m,org.apache.spark.serializer.JavaSerializer,90k,0.8,450,8,0.6,202m,0.2
ScalaSparkNWeight,2023-04-18,19:41:36,236122227,231.136,1021572,510786,20m,8,3,10g,4,4,8g,lzf,22k,58k,12k,24m,0.3,0.2,38m,org.apache.spark.serializer.KryoSerializer,56k,0.7,800,8,0.6,496m,0.3
ScalaSparkNWeight,2023-04-18,20:00:24,236122227,233.29,1012140,506070,60m,16,5,15g,4,4,8g,lzf,46k,76k,22k,88m,0.2,0.6,6m,org.apache.spark.serializer.JavaSerializer,14k,0.4,650,8,0.2,284m,0.8
ScalaSparkNWeight,2023-04-18,20:14:43,236122227,136.418,1730872,865436,30m,4,6,6g,2,8,4g,snappy,8k,108k,42k,104m,0.7,0.4,50m,org.apache.spark.serializer.KryoSerializer,8k,0.4,650,8,0.4,458m,0.8
ScalaSparkNWeight,2023-04-18,20:29:20,236122227,134.391,1756979,878489,4m,12,6,16g,4,4,8g,snappy,112k,22k,56k,92m,0.7,0.1,60m,org.apache.spark.serializer.KryoSerializer,94k,0.6,550,8,0.3,450m,0.3
ScalaSparkNWeight,2023-04-18,20:56:08,236122227,621.95,379648,189824,16m,8,7,16g,8,2,16g,lz4,10k,42k,110k,32m,0.1,0.5,116m,org.apache.spark.serializer.KryoSerializer,50k,0.9,700,8,0.8,256m,0.4
ScalaSparkNWeight,2023-04-18,21:10:00,236122227,141.654,1666894,833447,70m,4,4,10g,8,2,16g,snappy,118k,78k,36k,124m,0.9,0.5,68m,org.apache.spark.serializer.KryoSerializer,16k,0.9,200,8,0.6,196m,0.5
ScalaSparkNWeight,2023-04-18,22:06:01,236122227,140.904,1675766,837883,98m,4,2,15g,8,2,16g,lz4,118k,126k,110k,44m,0.6,0.2,98m,org.apache.spark.serializer.JavaSerializer,86k,0.3,750,8,0.8,158m,0.2
ScalaSparkNWeight,2023-04-18,22:24:47,236122227,227.053,1039943,519971,106m,2,5,9g,4,4,8g,snappy,58k,102k,38k,8m,0.2,0.2,24m,org.apache.spark.serializer.JavaSerializer,104k,0.9,450,8,0.1,108m,0.3
ScalaSparkNWeight,2023-04-18,22:44:09,236122227,176.236,1339807,669903,52m,6,4,16g,2,8,4g,snappy,98k,2k,112k,8m,0.3,0.8,102m,org.apache.spark.serializer.JavaSerializer,122k,0.7,200,8,0.5,358m,0.3
ScalaSparkNWeight,2023-04-18,22:59:39,236122227,181.591,1300296,650148,128m,12,6,11g,4,4,8g,lzf,102k,72k,14k,60m,0.4,0.1,16m,org.apache.spark.serializer.KryoSerializer,20k,0.8,500,8,0.6,164m,0.5
ScalaSparkNWeight,2023-04-18,23:14:18,236122227,178.004,1326499,663249,90m,16,2,14g,4,4,8g,lz4,96k,116k,56k,28m,0.4,0.6,46m,org.apache.spark.serializer.KryoSerializer,80k,0.9,500,8,0.8,326m,0.5
ScalaSparkNWeight,2023-04-18,23:27:51,236122227,147.584,1599917,799958,106m,12,2,8g,4,4,8g,snappy,48k,72k,72k,116m,0.5,0.1,4m,org.apache.spark.serializer.KryoSerializer,78k,0.9,350,8,0.8,100m,0.8
ScalaSparkNWeight,2023-04-19,00:16:04,236122227,140.775,1677302,838651,46m,8,8,6g,4,4,8g,lzf,20k,22k,100k,20m,0.7,0.5,20m,org.apache.spark.serializer.KryoSerializer,2k,0.6,700,8,0.4,486m,0.8
ScalaSparkNWeight,2023-04-19,00:34:40,236122227,230.519,1024307,512153,90m,8,2,12g,4,4,8g,lzf,78k,36k,28k,96m,0.2,0.5,126m,org.apache.spark.serializer.KryoSerializer,20k,0.3,500,8,0.8,86m,0.9
ScalaSparkNWeight,2023-04-19,00:49:19,236122227,139.137,1697048,848524,94m,12,1,9g,4,4,8g,snappy,96k,18k,68k,36m,0.5,0.8,120m,org.apache.spark.serializer.JavaSerializer,92k,0.6,50,8,0.2,134m,0.4
ScalaSparkNWeight,2023-04-19,01:14:32,236122227,570.393,413964,206982,26m,4,6,5g,8,2,16g,lz4,94k,102k,28k,60m,0.1,0.1,126m,org.apache.spark.serializer.JavaSerializer,28k,0.7,550,8,0.7,390m,0.4
ScalaSparkNWeight,2023-04-19,01:30:09,236122227,135.838,1738263,869131,76m,6,8,4g,2,8,4g,lz4,40k,2k,76k,56m,0.8,0.9,92m,org.apache.spark.serializer.KryoSerializer,24k,0.9,350,8,0.8,148m,0.1
ScalaSparkNWeight,2023-04-19,01:44:32,236122227,138.431,1705703,852851,82m,2,5,13g,8,2,16g,snappy,50k,110k,124k,48m,0.9,0.1,110m,org.apache.spark.serializer.KryoSerializer,60k,0.1,500,8,0.5,304m,0.2
ScalaSparkNWeight,2023-04-19,02:00:30,236122227,145.263,1625480,812740,74m,14,6,10g,2,8,4g,lzf,42k,40k,36k,28m,0.7,0.2,30m,org.apache.spark.serializer.JavaSerializer,20k,0.4,350,8,0.4,224m,0.4
ScalaSparkNWeight,2023-04-19,02:14:30,236122227,135.36,1744401,872200,80m,4,5,7g,2,8,4g,snappy,62k,84k,80k,44m,0.6,0.6,68m,org.apache.spark.serializer.KryoSerializer,80k,0.9,550,8,0.5,300m,0.8
ScalaSparkNWeight,2023-04-19,02:28:52,236122227,135.206,1746388,873194,4m,6,7,16g,8,2,16g,lz4,92k,54k,64k,60m,0.5,0.9,50m,org.apache.spark.serializer.JavaSerializer,14k,0.2,550,8,0.1,116m,0.1
ScalaSparkNWeight,2023-04-19,02:43:01,236122227,136.649,1727946,863973,22m,6,7,4g,4,4,8g,lzf,28k,32k,26k,56m,0.8,0.7,90m,org.apache.spark.serializer.KryoSerializer,96k,0.8,650,8,0.2,130m,0.9
ScalaSparkNWeight,2023-04-19,03:02:30,236122227,290.315,813331,406665,80m,2,2,14g,8,2,16g,snappy,44k,98k,32k,104m,0.2,0.5,52m,org.apache.spark.serializer.KryoSerializer,68k,0.1,550,8,0.5,486m,0.9
ScalaSparkNWeight,2023-04-19,03:20:51,236122227,134.942,1749805,874902,104m,4,6,7g,4,4,8g,snappy,86k,90k,10k,32m,0.7,0.1,16m,org.apache.spark.serializer.KryoSerializer,14k,0.9,650,8,0.4,456m,0.3
ScalaSparkNWeight,2023-04-19,03:35:14,236122227,135.172,1746827,873413,124m,16,7,6g,4,4,8g,snappy,126k,32k,4k,104m,0.8,0.4,16m,org.apache.spark.serializer.KryoSerializer,82k,0.2,50,8,0.3,392m,0.8
ScalaSparkNWeight,2023-04-19,03:53:52,236122227,225.747,1045959,522979,46m,12,5,13g,4,4,8g,snappy,64k,90k,46k,116m,0.2,0.9,124m,org.apache.spark.serializer.KryoSerializer,8k,0.4,700,8,0.6,442m,0.2
ScalaSparkNWeight,2023-04-19,04:09:18,236122227,139.387,1694004,847002,54m,6,8,10g,8,2,16g,snappy,64k,118k,36k,84m,0.9,0.4,68m,org.apache.spark.serializer.KryoSerializer,66k,0.7,750,8,0.5,482m,0.9
ScalaSparkNWeight,2023-04-19,04:28:11,236122227,223.139,1058184,529092,20m,10,6,11g,4,4,8g,snappy,80k,72k,38k,92m,0.2,0.4,60m,org.apache.spark.serializer.KryoSerializer,32k,0.5,500,8,0.5,444m,0.7
ScalaSparkNWeight,2023-04-19,05:34:59,236122227,225.575,1046757,523378,88m,4,5,13g,4,4,8g,snappy,118k,120k,102k,128m,0.3,0.8,128m,org.apache.spark.serializer.JavaSerializer,42k,0.9,100,8,0.5,198m,0.4
ScalaSparkNWeight,2023-04-19,05:49:04,236122227,138.182,1708777,854388,74m,2,8,10g,2,8,4g,lz4,42k,88k,126k,4m,0.9,0.4,114m,org.apache.spark.serializer.KryoSerializer,126k,0.4,350,8,0.9,364m,0.1
ScalaSparkNWeight,2023-04-19,06:05:43,236122227,144.454,1634584,817292,8m,16,6,13g,8,2,16g,lz4,76k,78k,104k,120m,0.9,0.3,16m,org.apache.spark.serializer.JavaSerializer,114k,0.9,300,8,0.5,150m,0.1
ScalaSparkNWeight,2023-04-19,06:19:29,236122227,145.355,1624452,812226,26m,6,2,7g,8,2,16g,lzf,44k,62k,102k,84m,0.7,0.8,92m,org.apache.spark.serializer.JavaSerializer,46k,0.4,200,8,0.8,422m,0.3
ScalaSparkNWeight,2023-04-19,06:33:23,236122227,137.612,1715854,857927,6m,4,8,4g,8,2,16g,lz4,22k,104k,98k,40m,0.7,0.7,124m,org.apache.spark.serializer.KryoSerializer,116k,0.9,750,8,0.1,490m,0.8
ScalaSparkNWeight,2023-04-19,06:47:28,236122227,133.881,1763672,881836,14m,16,2,4g,4,4,8g,snappy,22k,36k,40k,24m,0.8,0.2,28m,org.apache.spark.serializer.KryoSerializer,70k,0.3,100,8,0.3,274m,0.2
ScalaSparkNWeight,2023-04-19,07:01:21,236122227,130.383,1810989,905494,96m,10,7,7g,4,4,8g,lz4,8k,64k,104k,96m,0.6,0.5,32m,org.apache.spark.serializer.JavaSerializer,98k,0.7,700,8,0.2,220m,0.5
ScalaSparkNWeight,2023-04-19,07:15:47,236122227,182.499,1293827,646913,82m,4,1,5g,2,8,4g,lz4,38k,6k,120k,60m,0.4,0.8,116m,org.apache.spark.serializer.KryoSerializer,14k,0.8,150,8,0.9,464m,0.4
ScalaSparkNWeight,2023-04-19,07:30:43,236122227,134.877,1750648,875324,68m,10,8,8g,4,4,8g,snappy,120k,48k,86k,44m,0.8,0.9,34m,org.apache.spark.serializer.KryoSerializer,56k,0.2,300,8,0.1,474m,0.4
ScalaSparkNWeight,2023-04-19,07:44:50,236122227,142.672,1655000,827500,34m,16,1,15g,8,2,16g,lzf,92k,120k,116k,24m,0.8,0.8,20m,org.apache.spark.serializer.JavaSerializer,62k,0.7,800,8,0.1,126m,0.7
ScalaSparkNWeight,2023-04-19,08:04:11,236122227,293.099,805605,402802,36m,8,2,8g,8,2,16g,snappy,96k,66k,26k,92m,0.2,0.4,4m,org.apache.spark.serializer.JavaSerializer,34k,0.5,800,8,0.3,10m,0.2
ScalaSparkNWeight,2023-04-19,08:18:02,236122227,142.533,1656614,828307,84m,6,4,11g,8,2,16g,snappy,62k,90k,104k,92m,0.7,0.4,98m,org.apache.spark.serializer.JavaSerializer,10k,0.5,50,8,0.9,376m,0.3
ScalaSparkNWeight,2023-04-19,08:37:23,236122227,288.007,819848,409924,36m,10,7,7g,8,2,16g,snappy,56k,92k,84k,20m,0.2,0.3,44m,org.apache.spark.serializer.JavaSerializer,12k,0.5,400,8,0.4,106m,0.7
ScalaSparkNWeight,2023-04-19,08:51:03,236122227,132.445,1782794,891397,2m,16,6,14g,4,4,8g,snappy,68k,48k,116k,68m,0.7,0.5,44m,org.apache.spark.serializer.JavaSerializer,124k,0.4,750,8,0.7,44m,0.8
ScalaSparkNWeight,2023-04-19,09:14:47,236122227,484.392,487461,243730,128m,2,3,8g,8,2,16g,lz4,102k,20k,66k,112m,0.1,0.9,42m,org.apache.spark.serializer.KryoSerializer,20k,0.5,750,8,0.2,34m,0.5
ScalaSparkNWeight,2023-04-19,10:14:00,236122227,144.281,1636544,818272,16m,6,5,6g,8,2,16g,lz4,44k,92k,10k,96m,0.9,0.3,28m,org.apache.spark.serializer.JavaSerializer,76k,0.2,750,8,0.4,498m,0.2
ScalaSparkNWeight,2023-04-19,10:27:51,236122227,135.484,1742805,871402,60m,6,8,8g,4,4,8g,lzf,128k,108k,56k,92m,0.7,0.6,86m,org.apache.spark.serializer.JavaSerializer,98k,0.3,450,8,0.9,336m,0.2
ScalaSparkNWeight,2023-04-19,10:41:43,236122227,142.651,1655244,827622,72m,10,4,9g,2,8,4g,lzf,114k,24k,40k,68m,0.6,0.3,116m,org.apache.spark.serializer.JavaSerializer,82k,0.7,750,8,0.6,330m,0.2
ScalaSparkNWeight,2023-04-19,10:55:42,236122227,143.542,1644969,822484,86m,2,1,6g,2,8,4g,snappy,2k,100k,42k,76m,0.8,0.8,62m,org.apache.spark.serializer.JavaSerializer,64k,0.5,700,8,0.4,260m,0.5
ScalaSparkNWeight,2023-04-19,11:18:02,236122227,299.659,787969,393984,82m,10,3,16g,8,2,16g,lz4,46k,88k,128k,28m,0.2,0.8,4m,org.apache.spark.serializer.JavaSerializer,8k,0.6,200,8,0.7,76m,0.9
ScalaSparkNWeight,2023-04-19,12:34:21,236122227,174.25,1355077,677538,82m,10,2,9g,2,8,4g,lz4,4k,52k,8k,84m,0.3,0.2,70m,org.apache.spark.serializer.JavaSerializer,78k,0.3,750,8,0.5,410m,0.2
ScalaSparkNWeight,2023-04-19,12:48:34,236122227,135.33,1744788,872394,74m,6,1,12g,4,4,8g,lz4,20k,126k,6k,120m,0.9,0.3,40m,org.apache.spark.serializer.KryoSerializer,88k,0.9,300,8,0.8,356m,0.5
ScalaSparkNWeight,2023-04-19,13:02:01,236122227,138.757,1701695,850847,122m,6,6,9g,8,2,16g,lzf,24k,98k,82k,36m,0.6,0.9,64m,org.apache.spark.serializer.JavaSerializer,112k,0.8,600,8,0.8,414m,0.6
ScalaSparkNWeight,2023-04-19,14:13:37,236122227,219.496,1075747,537873,106m,16,4,11g,4,4,8g,lz4,106k,70k,68k,84m,0.3,0.9,48m,org.apache.spark.serializer.JavaSerializer,112k,0.6,150,8,0.1,340m,0.2
ScalaSparkNWeight,2023-04-19,14:27:59,236122227,184.194,1281921,640960,88m,10,2,15g,2,8,4g,lz4,112k,12k,26k,124m,0.4,0.4,108m,org.apache.spark.serializer.JavaSerializer,78k,0.8,500,8,0.8,92m,0.8
ScalaSparkNWeight,2023-04-19,15:36:59,236122227,133.64,1766852,883426,98m,16,6,4g,8,2,16g,snappy,44k,56k,50k,32m,0.6,0.6,18m,org.apache.spark.serializer.JavaSerializer,112k,0.9,350,8,0.6,134m,0.4
ScalaSparkNWeight,2023-04-19,16:39:26,236122227,203.154,1162281,581140,108m,12,3,13g,8,2,16g,snappy,46k,42k,106k,96m,0.4,0.8,26m,org.apache.spark.serializer.JavaSerializer,94k,0.5,550,8,0.1,220m,0.9
ScalaSparkNWeight,2023-04-19,21:04:46,236122227,481.649,490237,245118,78m,14,5,9g,8,2,16g,lzf,126k,60k,110k,108m,0.1,0.6,36m,org.apache.spark.serializer.JavaSerializer,102k,0.3,800,8,0.2,28m,0.5
ScalaSparkNWeight,2023-04-19,21:58:28,236122227,181.921,1297938,648969,82m,12,2,15g,2,8,4g,snappy,84k,100k,86k,52m,0.4,0.1,118m,org.apache.spark.serializer.KryoSerializer,8k,0.6,700,8,0.6,320m,0.9
ScalaSparkNWeight,2023-04-19,22:00:50,236122227,135.867,1737892,868946,32m,14,1,7g,4,4,8g,lz4,56k,106k,124k,104m,0.8,0.4,58m,org.apache.spark.serializer.KryoSerializer,4k,0.2,650,8,0.3,218m,0.5
ScalaSparkNWeight,2023-04-19,22:13:38,236122227,229.532,1028711,514355,112m,8,7,6g,4,4,8g,lz4,112k,54k,114k,44m,0.2,0.7,30m,org.apache.spark.serializer.KryoSerializer,124k,0.7,500,8,0.7,418m,0.4
ScalaSparkNWeight,2023-04-19,22:16:00,236122227,135.671,1740403,870201,18m,14,4,13g,8,2,16g,lz4,58k,82k,52k,40m,0.8,0.2,84m,org.apache.spark.serializer.JavaSerializer,90k,0.7,350,8,0.5,492m,0.4
ScalaSparkNWeight,2023-04-19,22:18:30,236122227,144.643,1632448,816224,88m,8,1,6g,8,2,16g,lzf,92k,124k,90k,24m,0.9,0.2,40m,org.apache.spark.serializer.JavaSerializer,102k,0.4,550,8,0.9,426m,0.5
ScalaSparkNWeight,2023-04-19,22:21:06,236122227,150.428,1569669,784834,22m,14,3,12g,8,2,16g,lzf,32k,44k,58k,16m,0.6,0.4,36m,org.apache.spark.serializer.JavaSerializer,128k,0.6,800,8,0.1,160m,0.1
ScalaSparkNWeight,2023-04-19,22:40:45,236122227,143.262,1648184,824092,66m,12,2,16g,8,2,16g,lz4,86k,64k,122k,8m,0.5,0.2,78m,org.apache.spark.serializer.KryoSerializer,12k,0.2,550,8,0.4,422m,0.1
ScalaSparkNWeight,2023-04-19,22:43:58,236122227,186.777,1264193,632096,92m,10,1,9g,2,8,4g,snappy,102k,48k,56k,104m,0.4,0.2,26m,org.apache.spark.serializer.KryoSerializer,108k,0.1,300,8,0.1,270m,0.3
ScalaSparkNWeight,2023-04-17,12:15:06,236114143,259.265,910705,455352,92m,8,7,9g,8,2,16g,snappy,56k,22k,36k,80m,0.3,0.2,118m,org.apache.spark.serializer.KryoSerializer,46k,0.6,150,8,0.6,464m,0.9
ScalaSparkNWeight,2023-04-17,13:26:08,236114143,131.661,1793349,896674,28m,6,7,16g,4,4,8g,snappy,16k,38k,56k,96m,0.9,0.4,30m,org.apache.spark.serializer.JavaSerializer,120k,0.5,700,8,0.3,254m,0.5
ScalaSparkNWeight,2023-04-17,13:39:34,236114143,134.515,1755299,877649,92m,10,1,10g,4,4,8g,lzf,38k,10k,100k,112m,0.9,0.7,112m,org.apache.spark.serializer.KryoSerializer,70k,0.1,650,8,0.1,66m,0.2
ScalaSparkNWeight,2023-04-17,14:36:46,236114143,138.527,1704462,852231,116m,14,3,6g,8,2,16g,snappy,50k,32k,86k,116m,0.9,0.4,68m,org.apache.spark.serializer.KryoSerializer,36k,0.8,500,8,0.1,494m,0.3
ScalaSparkNWeight,2023-04-17,14:51:03,236114143,128.964,1830853,915426,28m,8,3,16g,4,4,8g,lz4,80k,114k,114k,20m,0.7,0.6,88m,org.apache.spark.serializer.JavaSerializer,72k,0.5,350,8,0.6,44m,0.3
ScalaSparkNWeight,2023-04-17,15:08:44,236114143,226.298,1043377,521688,6m,12,1,7g,4,4,8g,lzf,116k,114k,36k,92m,0.2,0.8,18m,org.apache.spark.serializer.JavaSerializer,70k,0.3,100,8,0.4,350m,0.6
ScalaSparkNWeight,2023-04-17,15:25:13,236114143,183.936,1283675,641837,104m,16,3,15g,2,8,4g,lzf,84k,82k,100k,40m,0.3,0.3,108m,org.apache.spark.serializer.KryoSerializer,40k,0.3,400,8,0.2,410m,0.9
ScalaSparkNWeight,2023-04-17,15:40:59,236114143,178.272,1324460,662230,70m,10,2,9g,2,8,4g,snappy,126k,22k,80k,44m,0.4,0.7,50m,org.apache.spark.serializer.JavaSerializer,56k,0.4,300,8,0.1,56m,0.2
ScalaSparkNWeight,2023-04-17,16:00:12,236114143,293.651,804063,402031,92m,6,2,13g,8,2,16g,lz4,44k,60k,48k,40m,0.2,0.7,32m,org.apache.spark.serializer.JavaSerializer,20k,0.6,500,8,0.6,392m,0.7
ScalaSparkNWeight,2023-04-17,16:14:39,236114143,139.392,1693885,846942,104m,14,3,4g,2,8,4g,lzf,122k,44k,34k,32m,0.7,0.8,52m,org.apache.spark.serializer.KryoSerializer,104k,0.4,300,8,0.9,60m,0.1
ScalaSparkNWeight,2023-04-17,16:28:39,236114143,138.835,1700681,850340,116m,2,8,9g,8,2,16g,lzf,10k,110k,108k,84m,0.9,0.7,116m,org.apache.spark.serializer.JavaSerializer,70k,0.7,800,8,0.3,172m,0.1
ScalaSparkNWeight,2023-04-17,16:43:16,236114143,133.423,1769665,884832,100m,10,5,12g,8,2,16g,lz4,58k,126k,54k,84m,0.6,0.2,34m,org.apache.spark.serializer.KryoSerializer,72k,0.1,350,8,0.5,108m,0.1
ScalaSparkNWeight,2023-04-17,16:57:56,236114143,175.555,1344958,672479,80m,4,7,5g,2,8,4g,lz4,120k,84k,38k,64m,0.8,0.1,126m,org.apache.spark.serializer.JavaSerializer,24k,0.1,150,8,0.4,148m,0.3
ScalaSparkNWeight,2023-04-17,17:11:50,236114143,135.767,1739112,869556,94m,4,8,15g,2,8,4g,snappy,74k,66k,18k,20m,0.7,0.2,80m,org.apache.spark.serializer.JavaSerializer,114k,0.7,450,8,0.1,24m,0.4
ScalaSparkNWeight,2023-04-17,17:26:16,236114143,161.322,1463620,731810,40m,8,3,11g,2,8,4g,snappy,2k,44k,40k,64m,0.5,0.2,34m,org.apache.spark.serializer.JavaSerializer,102k,0.2,650,8,0.8,62m,0.3
ScalaSparkNWeight,2023-04-17,17:40:56,236114143,182.461,1294052,647026,34m,10,7,16g,2,8,4g,lzf,112k,32k,34k,16m,0.4,0.5,82m,org.apache.spark.serializer.KryoSerializer,114k,0.9,250,8,0.7,372m,0.5
ScalaSparkNWeight,2023-04-17,17:59:41,236114143,231.627,1019372,509686,88m,6,1,15g,4,4,8g,lzf,82k,120k,100k,112m,0.2,0.9,20m,org.apache.spark.serializer.JavaSerializer,116k,0.7,600,8,0.5,2m,0.3
ScalaSparkNWeight,2023-04-17,18:14:37,236114143,138.889,1700020,850010,28m,6,5,13g,2,8,4g,lzf,22k,26k,58k,28m,0.7,0.4,38m,org.apache.spark.serializer.KryoSerializer,22k,0.5,550,8,0.3,454m,0.6
ScalaSparkNWeight,2023-04-17,18:29:11,236114143,143.706,1643036,821518,98m,10,7,11g,2,8,4g,lzf,86k,30k,18k,8m,0.7,0.7,2m,org.apache.spark.serializer.JavaSerializer,128k,0.2,650,8,0.7,392m,0.7
ScalaSparkNWeight,2023-04-17,19:28:30,236114143,141.925,1663654,831827,2m,2,5,4g,4,4,8g,snappy,56k,66k,84k,100m,0.5,0.5,2m,org.apache.spark.serializer.JavaSerializer,112k,0.1,250,8,0.2,64m,0.8
ScalaSparkNWeight,2023-04-17,20:42:54,236114143,140.174,1684436,842218,40m,10,6,15g,2,8,4g,lzf,124k,88k,100k,68m,0.8,0.5,24m,org.apache.spark.serializer.JavaSerializer,92k,0.8,300,8,0.6,104m,0.6
ScalaSparkNWeight,2023-04-17,20:56:27,236114143,135.143,1747142,873571,106m,6,4,12g,4,4,8g,lz4,68k,44k,76k,120m,0.5,0.9,112m,org.apache.spark.serializer.JavaSerializer,34k,0.9,200,8,0.4,356m,0.4
ScalaSparkNWeight,2023-04-17,21:09:33,236114143,132.962,1775801,887900,6m,6,8,15g,4,4,8g,lzf,126k,76k,108k,84m,0.7,0.2,74m,org.apache.spark.serializer.KryoSerializer,26k,0.5,100,8,0.8,428m,0.5
ScalaSparkNWeight,2023-04-17,21:23:47,236114143,135.57,1741640,870820,54m,2,4,4g,2,8,4g,lz4,20k,24k,36k,4m,0.6,0.6,128m,org.apache.spark.serializer.JavaSerializer,24k,0.4,600,8,0.4,432m,0.3
ScalaSparkNWeight,2023-04-17,21:40:48,236114143,141.997,1662810,831405,24m,16,7,13g,2,8,4g,lzf,106k,8k,114k,28m,0.9,0.1,68m,org.apache.spark.serializer.JavaSerializer,4k,0.8,50,8,0.7,356m,0.3
ScalaSparkNWeight,2023-04-17,21:54:07,236114143,138.987,1698821,849410,86m,10,6,7g,8,2,16g,lzf,74k,98k,48k,116m,0.5,0.8,48m,org.apache.spark.serializer.JavaSerializer,126k,0.3,650,8,0.1,444m,0.3
ScalaSparkNWeight,2023-04-17,22:08:01,236114143,150.187,1572134,786067,120m,4,5,7g,8,2,16g,snappy,36k,92k,102k,80m,0.9,0.2,48m,org.apache.spark.serializer.JavaSerializer,28k,0.9,50,8,0.4,484m,0.7
ScalaSparkNWeight,2023-04-17,22:24:24,236114143,175.619,1344468,672234,112m,4,4,16g,2,8,4g,snappy,56k,98k,112k,68m,0.3,0.4,100m,org.apache.spark.serializer.JavaSerializer,84k,0.7,600,8,0.6,226m,0.5
ScalaSparkNWeight,2023-04-17,22:40:56,236114143,212.988,1108579,554289,100m,12,4,15g,2,8,4g,snappy,80k,66k,24k,84m,0.4,0.6,118m,org.apache.spark.serializer.JavaSerializer,66k,0.9,400,8,0.9,178m,0.9
ScalaSparkNWeight,2023-04-17,22:56:58,236114143,210.476,1121810,560905,26m,4,2,16g,4,4,8g,lz4,80k,62k,8k,4m,0.3,0.7,60m,org.apache.spark.serializer.KryoSerializer,32k,0.7,300,8,0.2,334m,0.2
ScalaSparkNWeight,2023-04-17,23:10:17,236114143,133.187,1772801,886400,80m,14,5,12g,4,4,8g,lzf,12k,26k,26k,76m,0.8,0.6,110m,org.apache.spark.serializer.KryoSerializer,58k,0.8,700,8,0.9,30m,0.7
ScalaSparkNWeight,2023-04-18,00:20:17,236114143,150.948,1564208,782104,22m,2,2,11g,8,2,16g,lzf,64k,38k,2k,28m,0.7,0.2,44m,org.apache.spark.serializer.KryoSerializer,38k,0.7,50,8,0.1,456m,0.1
ScalaSparkNWeight,2023-04-18,00:35:51,236114143,139.906,1687662,843831,28m,4,4,7g,8,2,16g,lz4,4k,88k,18k,28m,0.7,0.4,12m,org.apache.spark.serializer.JavaSerializer,62k,0.9,150,8,0.2,324m,0.8
ScalaSparkNWeight,2023-04-18,00:50:41,236114143,173.834,1358273,679136,112m,8,2,10g,4,4,8g,lz4,60k,94k,126k,100m,0.4,0.4,120m,org.apache.spark.serializer.KryoSerializer,46k,0.2,100,8,0.3,74m,0.4
ScalaSparkNWeight,2023-04-18,02:11:35,236114143,277.002,852391,426195,18m,14,5,9g,8,2,16g,lz4,90k,102k,116k,8m,0.2,0.8,32m,org.apache.spark.serializer.KryoSerializer,106k,0.7,200,8,0.3,116m,0.1
ScalaSparkNWeight,2023-04-18,02:28:15,236114143,257.035,918606,459303,62m,14,5,13g,8,2,16g,snappy,66k,66k,34k,40m,0.3,0.4,46m,org.apache.spark.serializer.KryoSerializer,82k,0.9,750,8,0.4,128m,0.9
ScalaSparkNWeight,2023-04-18,02:43:04,236114143,139.834,1688531,844265,32m,4,6,4g,2,8,4g,lz4,98k,70k,28k,36m,0.6,0.1,54m,org.apache.spark.serializer.JavaSerializer,8k,0.3,750,8,0.3,38m,0.8
ScalaSparkNWeight,2023-04-18,02:57:44,236114143,180.233,1310049,655024,120m,2,3,12g,4,4,8g,lzf,114k,58k,66k,92m,0.4,0.2,128m,org.apache.spark.serializer.KryoSerializer,60k,0.6,700,8,0.5,218m,0.2
ScalaSparkNWeight,2023-04-18,04:39:35,236114143,138.078,1710005,855002,122m,2,6,11g,8,2,16g,snappy,86k,48k,82k,24m,0.8,0.1,32m,org.apache.spark.serializer.KryoSerializer,22k,0.4,600,8,0.7,42m,0.4
ScalaSparkNWeight,2023-04-18,04:55:16,236114143,136.23,1733202,866601,14m,4,1,14g,8,2,16g,lz4,2k,18k,120k,64m,0.7,0.9,20m,org.apache.spark.serializer.JavaSerializer,124k,0.2,250,8,0.3,298m,0.4
ScalaSparkNWeight,2023-04-18,05:09:05,236114143,129.316,1825869,912934,62m,6,2,9g,4,4,8g,lzf,102k,86k,90k,108m,0.6,0.8,98m,org.apache.spark.serializer.JavaSerializer,24k,0.3,500,8,0.5,312m,0.1
ScalaSparkNWeight,2023-04-18,05:27:38,236114143,288.141,819439,409719,90m,6,7,12g,8,2,16g,snappy,70k,30k,94k,92m,0.2,0.4,98m,org.apache.spark.serializer.KryoSerializer,108k,0.9,400,8,0.1,422m,0.8
ScalaSparkNWeight,2023-04-18,06:16:34,236114143,1855.978,127218,63609,16m,12,7,13g,4,4,8g,snappy,22k,86k,24k,28m,0.1,0.6,122m,org.apache.spark.serializer.JavaSerializer,60k,0.3,500,8,0.7,100m,0.1
ScalaSparkNWeight,2023-04-18,06:30:28,236114143,135.248,1745786,872893,118m,14,1,13g,4,4,8g,lzf,108k,26k,60k,52m,0.7,0.6,70m,org.apache.spark.serializer.KryoSerializer,32k,0.8,100,8,0.2,152m,0.8
ScalaSparkNWeight,2023-04-18,06:46:44,236114143,215.049,1097955,548977,56m,6,5,12g,4,4,8g,lz4,122k,128k,96k,32m,0.3,0.3,18m,org.apache.spark.serializer.KryoSerializer,42k,0.8,700,8,0.2,376m,0.4
ScalaSparkNWeight,2023-04-18,07:00:45,236114143,140.643,1678819,839409,86m,8,5,16g,2,8,4g,lzf,72k,76k,14k,108m,0.7,0.3,76m,org.apache.spark.serializer.KryoSerializer,68k,0.9,800,8,0.5,304m,0.9
ScalaSparkNWeight,2023-04-18,08:03:38,236114143,132.894,1776710,888355,100m,10,8,9g,4,4,8g,lz4,62k,98k,100k,24m,0.9,0.7,20m,org.apache.spark.serializer.KryoSerializer,50k,0.2,450,8,0.5,288m,0.8
ScalaSparkNWeight,2023-04-18,08:17:06,236114143,143.934,1640433,820216,126m,10,1,7g,8,2,16g,lzf,128k,64k,94k,112m,0.7,0.6,26m,org.apache.spark.serializer.KryoSerializer,10k,0.5,350,8,0.7,270m,0.2
ScalaSparkNWeight,2023-04-18,08:34:04,236114143,174.543,1352756,676378,100m,12,1,7g,2,8,4g,snappy,94k,18k,94k,44m,0.3,0.5,40m,org.apache.spark.serializer.JavaSerializer,26k,0.7,700,8,0.5,464m,0.6
ScalaSparkNWeight,2023-04-18,08:48:44,236114143,162.867,1449735,724867,8m,16,4,4g,2,8,4g,snappy,60k,110k,116k,4m,0.8,0.7,92m,org.apache.spark.serializer.JavaSerializer,84k,0.8,400,8,0.3,262m,0.5
ScalaSparkNWeight,2023-04-18,09:47:29,236114143,150.954,1564146,782073,126m,4,7,11g,4,4,8g,lzf,42k,38k,52k,4m,0.5,0.8,42m,org.apache.spark.serializer.JavaSerializer,108k,0.2,250,8,0.8,200m,0.5
ScalaSparkNWeight,2023-04-18,10:50:34,236114143,445.02,530569,265284,84m,14,8,9g,8,2,16g,snappy,30k,30k,58k,48m,0.1,0.2,54m,org.apache.spark.serializer.JavaSerializer,126k,0.1,250,8,0.6,152m,0.5
ScalaSparkNWeight,2023-04-18,11:04:50,236114143,134.262,1758607,879303,54m,6,2,4g,4,4,8g,lz4,96k,52k,4k,80m,0.6,0.4,12m,org.apache.spark.serializer.JavaSerializer,58k,0.7,400,8,0.1,440m,0.7
ScalaSparkNWeight,2023-04-18,11:18:23,236114143,142.191,1660542,830271,56m,16,6,10g,4,4,8g,snappy,116k,42k,86k,40m,0.5,0.5,18m,org.apache.spark.serializer.KryoSerializer,66k,0.3,50,8,0.5,208m,0.9
ScalaSparkNWeight,2023-04-18,11:32:36,236114143,137.762,1713927,856963,30m,16,8,11g,4,4,8g,lzf,68k,112k,22k,128m,0.9,0.1,76m,org.apache.spark.serializer.KryoSerializer,66k,0.7,450,8,0.9,164m,0.1
ScalaSparkNWeight,2023-04-18,11:51:45,236114143,285.999,825576,412788,34m,4,4,11g,8,2,16g,snappy,108k,78k,126k,24m,0.2,0.5,38m,org.apache.spark.serializer.KryoSerializer,108k,0.9,400,8,0.6,114m,0.4
ScalaSparkNWeight,2023-04-18,12:12:58,236114143,291.827,809089,404544,46m,8,3,14g,8,2,16g,snappy,24k,92k,58k,120m,0.2,0.6,60m,org.apache.spark.serializer.KryoSerializer,66k,0.6,450,8,0.5,434m,0.6
ScalaSparkNWeight,2023-04-18,12:27:48,236114143,137.344,1719144,859572,114m,14,6,11g,4,4,8g,lzf,26k,36k,30k,56m,0.7,0.5,66m,org.apache.spark.serializer.KryoSerializer,70k,0.9,350,8,0.4,472m,0.2
ScalaSparkNWeight,2023-04-18,12:44:27,236114143,219.269,1076824,538412,26m,16,8,12g,4,4,8g,lzf,104k,82k,104k,64m,0.3,0.6,62m,org.apache.spark.serializer.JavaSerializer,50k,0.3,800,8,0.9,286m,0.2
ScalaSparkNWeight,2023-04-18,13:48:36,236114143,205.094,1151248,575624,76m,8,4,9g,8,2,16g,snappy,10k,88k,60k,96m,0.4,0.4,114m,org.apache.spark.serializer.KryoSerializer,110k,0.3,250,8,0.3,468m,0.2
ScalaSparkNWeight,2023-04-18,14:03:20,236114143,142.856,1652812,826406,10m,10,6,10g,8,2,16g,snappy,122k,12k,42k,128m,0.6,0.4,78m,org.apache.spark.serializer.KryoSerializer,26k,0.3,650,8,0.5,144m,0.1
ScalaSparkNWeight,2023-04-18,14:17:49,236114143,131.352,1797567,898783,58m,8,3,5g,4,4,8g,snappy,94k,100k,62k,36m,0.8,0.9,72m,org.apache.spark.serializer.KryoSerializer,128k,0.8,450,8,0.4,2m,0.5
ScalaSparkNWeight,2023-04-18,14:57:56,236114143,143.096,1650040,825020,58m,14,8,14g,2,8,4g,lz4,118k,2k,86k,20m,0.9,0.8,42m,org.apache.spark.serializer.JavaSerializer,122k,0.4,50,8,0.5,188m,0.5
ScalaSparkNWeight,2023-04-18,15:12:16,236114143,167.326,1411102,705551,32m,10,5,9g,2,8,4g,lz4,104k,100k,128k,112m,0.5,0.4,48m,org.apache.spark.serializer.JavaSerializer,128k,0.7,700,8,0.4,32m,0.4
ScalaSparkNWeight,2023-04-18,15:26:13,236114143,147.333,1602588,801294,50m,2,8,14g,8,2,16g,snappy,32k,52k,90k,88m,0.9,0.3,76m,org.apache.spark.serializer.JavaSerializer,40k,0.1,550,8,0.5,472m,0.9
ScalaSparkNWeight,2023-04-18,15:41:01,236114143,139.418,1693570,846785,128m,16,6,12g,8,2,16g,snappy,102k,124k,112k,92m,0.9,0.9,94m,org.apache.spark.serializer.KryoSerializer,26k,0.6,250,8,0.8,232m,0.3
ScalaSparkNWeight,2023-04-18,15:55:58,236114143,158.586,1488871,744435,40m,16,1,8g,2,8,4g,lz4,12k,16k,116k,80m,0.7,0.3,66m,org.apache.spark.serializer.KryoSerializer,48k,0.4,100,8,0.2,210m,0.4
ScalaSparkNWeight,2023-04-18,16:14:16,236114143,225.399,1047538,523769,54m,16,7,4g,4,4,8g,snappy,80k,116k,40k,96m,0.2,0.6,90m,org.apache.spark.serializer.JavaSerializer,64k,0.3,550,8,0.9,40m,0.1
ScalaSparkNWeight,2023-04-18,16:27:58,236114143,130.799,1805167,902583,16m,12,3,8g,4,4,8g,snappy,118k,76k,72k,40m,0.6,0.8,80m,org.apache.spark.serializer.JavaSerializer,70k,0.4,250,8,0.2,476m,0.8
ScalaSparkNWeight,2023-04-18,16:41:36,236114143,150.454,1569344,784672,2m,14,6,10g,2,8,4g,lzf,30k,6k,120k,4m,0.6,0.5,128m,org.apache.spark.serializer.JavaSerializer,30k,0.8,600,8,0.5,460m,0.5
ScalaSparkNWeight,2023-04-18,17:01:15,236114143,310.999,759211,379605,36m,8,1,16g,8,2,16g,snappy,122k,124k,88k,128m,0.2,0.6,54m,org.apache.spark.serializer.JavaSerializer,60k,0.7,400,8,0.4,390m,0.8
ScalaSparkNWeight,2023-04-18,17:17:37,236114143,183.502,1286711,643355,100m,14,5,12g,2,8,4g,lzf,12k,4k,84k,48m,0.3,0.4,114m,org.apache.spark.serializer.KryoSerializer,82k,0.8,450,8,0.1,210m,0.7
ScalaSparkNWeight,2023-04-18,17:32:30,236114143,145.712,1620416,810208,80m,2,3,8g,8,2,16g,snappy,20k,100k,48k,56m,0.6,0.1,52m,org.apache.spark.serializer.JavaSerializer,12k,0.6,450,8,0.5,438m,0.4
ScalaSparkNWeight,2023-04-18,17:50:56,236114143,286.051,825426,412713,94m,2,2,10g,8,2,16g,snappy,42k,96k,12k,68m,0.3,0.6,46m,org.apache.spark.serializer.JavaSerializer,24k,0.5,200,8,0.5,410m,0.3
ScalaSparkNWeight,2023-04-18,18:16:53,236114143,527.029,448009,224004,110m,16,3,14g,8,2,16g,snappy,110k,34k,86k,68m,0.1,0.8,102m,org.apache.spark.serializer.KryoSerializer,26k,0.3,250,8,0.5,374m,0.9
ScalaSparkNWeight,2023-04-18,18:32:44,236114143,143.692,1643196,821598,76m,12,8,15g,8,2,16g,snappy,102k,38k,102k,88m,0.9,0.7,126m,org.apache.spark.serializer.KryoSerializer,38k,0.9,250,8,0.7,436m,0.1
ScalaSparkNWeight,2023-04-18,18:46:59,236114143,145.544,1622287,811143,68m,16,2,7g,8,2,16g,lz4,16k,64k,106k,44m,0.7,0.7,112m,org.apache.spark.serializer.JavaSerializer,70k,0.7,400,8,0.8,120m,0.4
ScalaSparkNWeight,2023-04-18,19:01:37,236114143,179.569,1314893,657446,120m,12,4,4g,2,8,4g,lzf,36k,16k,86k,4m,0.5,0.1,128m,org.apache.spark.serializer.KryoSerializer,128k,0.5,700,8,0.5,228m,0.1
ScalaSparkNWeight,2023-04-18,19:21:41,236114143,306.219,771063,385531,102m,10,3,9g,8,2,16g,snappy,110k,114k,16k,80m,0.2,0.1,80m,org.apache.spark.serializer.JavaSerializer,126k,0.6,350,8,0.2,208m,0.7
ScalaSparkNWeight,2023-04-18,19:36:26,236114143,140.069,1685698,842849,100m,12,8,14g,2,8,4g,snappy,50k,34k,26k,48m,0.6,0.2,36m,org.apache.spark.serializer.JavaSerializer,120k,0.7,150,8,0.2,36m,0.5
ScalaSparkNWeight,2023-04-18,20:35:54,236114143,142.566,1656174,828087,52m,12,7,10g,8,2,16g,lz4,18k,54k,40k,84m,0.7,0.4,58m,org.apache.spark.serializer.KryoSerializer,64k,0.2,750,8,0.8,364m,0.9
ScalaSparkNWeight,2023-04-18,20:59:31,236114143,454.714,519258,259629,52m,16,7,12g,8,2,16g,lz4,16k,20k,12k,32m,0.1,0.1,4m,org.apache.spark.serializer.JavaSerializer,96k,0.1,500,8,0.2,404m,0.8
ScalaSparkNWeight,2023-04-18,21:16:28,236114143,223.928,1054419,527209,112m,12,8,8g,4,4,8g,lzf,66k,128k,96k,116m,0.3,0.3,52m,org.apache.spark.serializer.JavaSerializer,20k,0.7,450,8,0.5,242m,0.7
ScalaSparkNWeight,2023-04-18,21:30:22,236114143,153.911,1534095,767047,92m,2,5,13g,2,8,4g,lzf,44k,4k,44k,112m,0.9,0.9,36m,org.apache.spark.serializer.JavaSerializer,86k,0.1,450,8,0.3,428m,0.1
ScalaSparkNWeight,2023-04-18,22:06:38,236114143,139.151,1696819,848409,44m,16,3,10g,2,8,4g,lz4,104k,46k,2k,92m,0.9,0.8,96m,org.apache.spark.serializer.JavaSerializer,104k,0.9,450,8,0.4,380m,0.9
ScalaSparkNWeight,2023-04-18,23:01:34,236114143,181.858,1298343,649171,112m,2,1,10g,4,4,8g,snappy,40k,100k,40k,12m,0.4,0.9,56m,org.apache.spark.serializer.KryoSerializer,50k,0.6,50,8,0.2,416m,0.7
ScalaSparkNWeight,2023-04-18,23:18:37,236114143,138.467,1705201,852600,98m,2,8,9g,2,8,4g,lz4,88k,120k,80k,12m,0.6,0.1,68m,org.apache.spark.serializer.KryoSerializer,104k,0.7,250,8,0.7,84m,0.1
ScalaSparkNWeight,2023-04-18,23:35:18,236114143,132.108,1787281,893640,98m,14,2,11g,4,4,8g,snappy,6k,46k,116k,124m,0.8,0.9,72m,org.apache.spark.serializer.JavaSerializer,78k,0.7,800,8,0.3,190m,0.5
ScalaSparkNWeight,2023-04-18,23:54:44,236114143,314.928,749740,374870,94m,6,4,15g,8,2,16g,lzf,102k,22k,64k,84m,0.2,0.7,78m,org.apache.spark.serializer.JavaSerializer,52k,0.1,250,8,0.2,496m,0.7
ScalaSparkNWeight,2023-04-19,00:11:53,236114143,182.985,1290346,645173,100m,4,8,13g,2,8,4g,lzf,120k,118k,124k,80m,0.3,0.1,40m,org.apache.spark.serializer.JavaSerializer,36k,0.8,800,8,0.2,182m,0.8
ScalaSparkNWeight,2023-04-19,00:27:20,236114143,143.674,1643402,821701,28m,8,3,6g,8,2,16g,lz4,2k,64k,54k,120m,0.9,0.7,44m,org.apache.spark.serializer.KryoSerializer,6k,0.1,750,8,0.3,424m,0.7
ScalaSparkNWeight,2023-04-19,00:41:55,236114143,177.829,1327759,663879,116m,8,4,8g,4,4,8g,snappy,112k,66k,16k,128m,0.4,0.7,54m,org.apache.spark.serializer.KryoSerializer,2k,0.8,800,8,0.1,300m,0.9
ScalaSparkNWeight,2023-04-19,00:56:27,236114143,148.595,1588977,794488,54m,12,7,11g,8,2,16g,lzf,52k,106k,18k,32m,0.5,0.1,2m,org.apache.spark.serializer.JavaSerializer,94k,0.2,750,8,0.7,440m,0.3
ScalaSparkNWeight,2023-04-19,01:10:36,236114143,137.751,1714064,857032,10m,16,2,15g,4,4,8g,lz4,72k,20k,118k,72m,0.8,0.3,2m,org.apache.spark.serializer.JavaSerializer,118k,0.8,650,8,0.3,366m,0.3
ScalaSparkNWeight,2023-04-19,01:23:59,236114143,148.411,1590947,795473,28m,10,4,14g,8,2,16g,lzf,100k,44k,88k,48m,0.6,0.2,116m,org.apache.spark.serializer.JavaSerializer,22k,0.9,800,8,0.6,374m,0.1
ScalaSparkNWeight,2023-04-19,01:38:04,236114143,142.57,1656127,828063,42m,4,8,6g,4,4,8g,snappy,58k,46k,18k,60m,0.5,0.1,56m,org.apache.spark.serializer.JavaSerializer,50k,0.2,350,8,0.8,438m,0.9
ScalaSparkNWeight,2023-04-19,01:52:45,236114143,185.003,1276271,638135,102m,12,5,13g,2,8,4g,snappy,90k,126k,18k,32m,0.8,0.1,22m,org.apache.spark.serializer.KryoSerializer,72k,0.7,700,8,0.3,30m,0.1
ScalaSparkNWeight,2023-04-19,02:58:05,236114143,205.316,1150003,575001,98m,2,7,4g,2,8,4g,lz4,36k,100k,104k,52m,0.5,0.9,98m,org.apache.spark.serializer.KryoSerializer,32k,0.3,450,8,0.2,232m,0.8
ScalaSparkNWeight,2023-04-19,03:15:29,236114143,143.099,1650005,825002,80m,8,2,13g,8,2,16g,lz4,120k,22k,60k,40m,0.5,0.8,90m,org.apache.spark.serializer.KryoSerializer,122k,0.1,500,8,0.5,298m,0.3
ScalaSparkNWeight,2023-04-19,03:32:33,236114143,279.777,843936,421968,76m,8,5,16g,8,2,16g,snappy,22k,44k,90k,16m,0.3,0.9,14m,org.apache.spark.serializer.KryoSerializer,118k,0.9,600,8,0.6,256m,0.5
ScalaSparkNWeight,2023-04-19,03:51:30,236114143,235.175,1003993,501996,18m,16,2,15g,4,4,8g,snappy,16k,34k,54k,84m,0.2,0.7,64m,org.apache.spark.serializer.JavaSerializer,22k,0.5,750,8,0.3,312m,0.9
ScalaSparkNWeight,2023-04-19,05:03:22,236114143,179.775,1313386,656693,124m,4,6,12g,4,4,8g,lz4,16k,6k,34k,32m,0.4,0.1,116m,org.apache.spark.serializer.KryoSerializer,104k,0.6,150,8,0.7,194m,0.4
ScalaSparkNWeight,2023-04-19,05:17:50,236114143,162.527,1452768,726384,36m,10,6,7g,2,8,4g,lz4,58k,64k,10k,4m,0.5,0.5,128m,org.apache.spark.serializer.KryoSerializer,26k,0.8,300,8,0.2,274m,0.2
ScalaSparkNWeight,2023-04-19,05:32:12,236114143,183.302,1288115,644057,28m,10,8,12g,4,4,8g,lz4,62k,122k,66k,40m,0.4,0.9,46m,org.apache.spark.serializer.JavaSerializer,8k,0.2,700,8,0.5,344m,0.2
ScalaSparkNWeight,2023-04-19,06:36:01,236114143,142.971,1651482,825741,108m,6,2,16g,2,8,4g,lz4,52k,70k,78k,96m,0.9,0.5,8m,org.apache.spark.serializer.KryoSerializer,122k,0.6,350,8,0.9,492m,0.7
ScalaSparkNWeight,2023-04-19,06:55:33,236114143,301.047,784309,392154,98m,14,1,7g,8,2,16g,lz4,40k,76k,90k,88m,0.2,0.8,34m,org.apache.spark.serializer.KryoSerializer,8k,0.8,150,8,0.7,146m,0.3
ScalaSparkNWeight,2023-04-19,07:20:03,236114143,511.583,461536,230768,122m,8,2,7g,8,2,16g,snappy,36k,104k,104k,112m,0.1,0.4,16m,org.apache.spark.serializer.KryoSerializer,20k,0.8,300,8,0.3,180m,0.4
ScalaSparkNWeight,2023-04-19,07:42:01,236114143,295.895,797965,398982,14m,12,2,9g,8,2,16g,snappy,22k,60k,58k,92m,0.2,0.6,18m,org.apache.spark.serializer.JavaSerializer,42k,0.9,750,8,0.8,174m,0.9
ScalaSparkNWeight,2023-04-19,07:56:00,236114143,151.034,1563317,781658,66m,4,3,8g,4,4,8g,lzf,6k,22k,38k,76m,0.5,0.5,34m,org.apache.spark.serializer.JavaSerializer,6k,0.9,50,8,0.9,32m,0.3
ScalaSparkNWeight,2023-04-19,08:10:28,236114143,152.452,1548776,774388,74m,14,5,11g,2,8,4g,lzf,74k,48k,48k,24m,0.6,0.2,88m,org.apache.spark.serializer.KryoSerializer,108k,0.8,400,8,0.1,338m,0.1
ScalaSparkNWeight,2023-04-19,09:02:35,236114143,210.969,1119188,559594,22m,12,6,4g,8,2,16g,lzf,50k,72k,92k,76m,0.4,0.2,74m,org.apache.spark.serializer.JavaSerializer,68k,0.5,250,8,0.7,184m,0.9
ScalaSparkNWeight,2023-04-19,09:16:36,236114143,146.684,1609678,804839,54m,12,4,15g,8,2,16g,lzf,46k,96k,54k,52m,0.8,0.9,114m,org.apache.spark.serializer.JavaSerializer,104k,0.6,600,8,0.3,102m,0.5
ScalaSparkNWeight,2023-04-19,09:32:51,236114143,185.803,1270776,635388,76m,16,3,11g,2,8,4g,lzf,30k,82k,120k,128m,0.3,0.9,8m,org.apache.spark.serializer.KryoSerializer,104k,0.8,100,8,0.7,352m,0.8
ScalaSparkNWeight,2023-04-19,09:49:46,236114143,147.137,1604723,802361,2m,14,3,4g,8,2,16g,snappy,60k,124k,70k,76m,0.5,0.6,6m,org.apache.spark.serializer.JavaSerializer,70k,0.1,550,8,0.1,474m,0.1
ScalaSparkNWeight,2023-04-19,10:16:41,236114143,615.92,383351,191675,58m,12,3,10g,8,2,16g,lz4,108k,118k,76k,92m,0.1,0.7,112m,org.apache.spark.serializer.KryoSerializer,88k,0.4,150,8,0.7,264m,0.3
ScalaSparkNWeight,2023-04-19,10:31:18,236114143,140.61,1679213,839606,84m,10,2,11g,2,8,4g,snappy,10k,96k,56k,80m,0.7,0.6,18m,org.apache.spark.serializer.KryoSerializer,80k,0.3,650,8,0.5,16m,0.6
ScalaSparkNWeight,2023-04-19,10:46:26,236114143,145.995,1617275,808637,2m,2,5,14g,2,8,4g,lzf,104k,24k,116k,100m,0.7,0.3,10m,org.apache.spark.serializer.KryoSerializer,12k,0.9,350,8,0.6,70m,0.9
ScalaSparkNWeight,2023-04-19,11:05:12,236114143,175.882,1342457,671228,24m,14,4,8g,2,8,4g,lz4,76k,118k,128k,124m,0.5,0.6,38m,org.apache.spark.serializer.KryoSerializer,34k,0.5,100,8,0.5,44m,0.9
ScalaSparkNWeight,2023-04-19,11:21:28,236114143,172.672,1367414,683707,46m,12,1,11g,2,8,4g,lz4,38k,38k,90k,104m,0.3,0.2,44m,org.apache.spark.serializer.JavaSerializer,74k,0.8,600,8,0.6,180m,0.1
ScalaSparkNWeight,2023-04-19,11:39:08,236114143,280.287,842401,421200,78m,6,8,4g,8,2,16g,snappy,108k,96k,46k,116m,0.3,0.9,14m,org.apache.spark.serializer.JavaSerializer,36k,0.1,650,8,0.8,138m,0.4
ScalaSparkNWeight,2023-04-19,11:56:51,236114143,277.77,850034,425017,30m,16,5,5g,8,2,16g,lz4,34k,24k,76k,80m,0.3,0.1,12m,org.apache.spark.serializer.JavaSerializer,108k,0.6,550,8,0.7,148m,0.5
ScalaSparkNWeight,2023-04-19,13:48:43,236114143,142.042,1662283,831141,42m,6,4,7g,8,2,16g,lzf,38k,128k,76k,76m,0.6,0.3,128m,org.apache.spark.serializer.KryoSerializer,44k,0.5,550,8,0.8,26m,0.1
ScalaSparkNWeight,2023-04-19,14:04:05,236114143,159.77,1477837,738918,10m,4,3,8g,2,8,4g,lz4,42k,56k,40k,104m,0.9,0.6,28m,org.apache.spark.serializer.JavaSerializer,72k,0.2,750,8,0.7,388m,0.2
ScalaSparkNWeight,2023-04-19,14:18:10,236114143,135.185,1746600,873300,124m,12,8,7g,4,4,8g,lz4,6k,8k,78k,28m,0.6,0.8,42m,org.apache.spark.serializer.JavaSerializer,126k,0.4,250,8,0.8,416m,0.4
ScalaSparkNWeight,2023-04-19,14:37:38,236114143,305.94,771766,385883,120m,12,2,5g,8,2,16g,lzf,12k,38k,116k,24m,0.2,0.7,44m,org.apache.spark.serializer.KryoSerializer,2k,0.1,650,8,0.5,376m,0.5
ScalaSparkNWeight,2023-04-19,14:53:19,236114143,146.856,1607793,803896,66m,2,1,14g,8,2,16g,snappy,102k,62k,104k,8m,0.9,0.3,124m,org.apache.spark.serializer.KryoSerializer,50k,0.1,750,8,0.1,112m,0.9
ScalaSparkNWeight,2023-04-19,15:09:25,236114143,152.845,1544794,772397,106m,16,1,11g,4,4,8g,lz4,108k,94k,30k,84m,0.5,0.1,12m,org.apache.spark.serializer.KryoSerializer,82k,0.4,600,8,0.2,4m,0.2
ScalaSparkNWeight,2023-04-19,15:23:20,236114143,145.143,1626769,813384,76m,16,8,6g,2,8,4g,lzf,4k,126k,104k,20m,0.9,0.2,122m,org.apache.spark.serializer.KryoSerializer,4k,0.1,300,8,0.5,456m,0.1
ScalaSparkNWeight,2023-04-19,15:37:42,236114143,147.098,1605148,802574,24m,2,8,16g,8,2,16g,lzf,110k,42k,12k,24m,0.9,0.9,72m,org.apache.spark.serializer.JavaSerializer,104k,0.5,400,8,0.6,488m,0.5
ScalaSparkNWeight,2023-04-19,15:52:45,236114143,145.208,1626040,813020,10m,10,3,9g,8,2,16g,lzf,88k,74k,88k,44m,0.6,0.7,102m,org.apache.spark.serializer.JavaSerializer,18k,0.6,800,8,0.5,272m,0.6
ScalaSparkNWeight,2023-04-19,16:12:20,236114143,302.233,781232,390616,18m,2,5,9g,8,2,16g,snappy,116k,92k,94k,40m,0.2,0.6,8m,org.apache.spark.serializer.JavaSerializer,80k,0.8,150,8,0.1,312m,0.4
ScalaSparkNWeight,2023-04-19,16:29:14,236114143,147.323,1602697,801348,38m,2,6,5g,8,2,16g,lzf,74k,48k,36k,128m,0.7,0.8,52m,org.apache.spark.serializer.JavaSerializer,90k,0.5,300,8,0.7,18m,0.1
ScalaSparkNWeight,2023-04-19,16:45:04,236114143,175.451,1345755,672877,16m,16,6,6g,2,8,4g,lz4,108k,10k,126k,120m,0.4,0.9,76m,org.apache.spark.serializer.JavaSerializer,16k,0.6,250,8,0.7,164m,0.3
ScalaSparkNWeight,2023-04-19,21:23:16,236114143,221.915,1063984,531992,90m,4,5,14g,2,8,4g,lz4,12k,4k,82k,108m,0.4,0.9,106m,org.apache.spark.serializer.JavaSerializer,106k,0.2,400,8,0.4,276m,0.2
ScalaSparkNWeight,2023-04-19,21:25:39,236114143,137.015,1723272,861636,102m,4,4,14g,4,4,8g,lz4,32k,122k,128k,52m,0.7,0.5,98m,org.apache.spark.serializer.KryoSerializer,72k,0.4,450,8,0.7,264m,0.2
ScalaSparkNWeight,2023-04-19,21:29:31,236114143,226.493,1042478,521239,98m,8,7,11g,4,4,8g,snappy,30k,108k,38k,60m,0.3,0.2,88m,org.apache.spark.serializer.KryoSerializer,28k,0.2,250,8,0.8,388m,0.4
ScalaSparkNWeight,2023-04-19,21:33:53,236114143,256.647,919995,459997,52m,8,3,7g,2,8,4g,lzf,92k,52k,116k,16m,0.5,0.7,74m,org.apache.spark.serializer.KryoSerializer,90k,0.3,650,8,0.9,412m,0.1
ScalaSparkNWeight,2023-04-19,21:36:23,236114143,144.185,1637577,818788,32m,8,8,6g,2,8,4g,snappy,100k,114k,88k,76m,0.6,0.4,120m,org.apache.spark.serializer.KryoSerializer,40k,0.6,350,8,0.9,52m,0.8
ScalaSparkNWeight,2023-04-19,22:07:21,236114143,218.033,1082928,541464,88m,4,6,6g,8,2,16g,snappy,40k,122k,102k,104m,0.4,0.1,2m,org.apache.spark.serializer.KryoSerializer,16k,0.8,400,8,0.8,114m,0.3
ScalaSparkNWeight,2023-04-19,22:10:03,236114143,156.209,1511527,755763,10m,2,4,12g,8,2,16g,lzf,44k,16k,108k,92m,0.9,0.4,114m,org.apache.spark.serializer.KryoSerializer,112k,0.6,350,8,0.1,156m,0.8
ScalaSparkNWeight,2023-04-19,22:12:37,236114143,148.477,1590240,795120,34m,14,4,14g,2,8,4g,lzf,44k,30k,80k,112m,0.9,0.7,76m,org.apache.spark.serializer.KryoSerializer,2k,0.4,650,8,0.1,26m,0.5
ScalaSparkNWeight,2023-04-19,22:15:59,236114143,196.95,1198853,599426,100m,10,3,16g,4,4,8g,lzf,10k,46k,44k,24m,0.4,0.2,32m,org.apache.spark.serializer.KryoSerializer,34k,0.8,650,8,0.9,236m,0.9
ScalaSparkNWeight,2023-04-19,22:19:20,236114143,195.437,1208134,604067,118m,10,6,8g,4,4,8g,lz4,118k,16k,2k,108m,0.4,0.6,10m,org.apache.spark.serializer.KryoSerializer,76k,0.1,350,8,0.1,138m,0.6
ScalaSparkNWeight,2023-04-19,22:22:30,236114143,184.12,1282392,641196,64m,2,1,12g,2,8,4g,lz4,30k,22k,86k,128m,0.4,0.1,86m,org.apache.spark.serializer.JavaSerializer,112k,0.7,600,8,0.4,40m,0.8
